comparison_id,pair_id,stage,context,repertoire_a_id,repertoire_b_id,individual_a,individual_b,receiver_a,receiver_b,session_a,session_b
comparison=45247ab854619e4b2e9308ce,A,after,non-partner,focal=Tabor|conspecific=Nougatti|stage=after|session=2,focal=Lola|conspecific=Odin|stage=after|session=2,Tabor,Lola,Nougatti,Odin,2,2
comparison=0221d940a1fa3a0d6c467c83,A,after,non-partner,focal=Tabor|conspecific=Nougatti|stage=after|session=2,focal=Lola|conspecific=Odin|stage=after|session=3,Tabor,Lola,Nougatti,Odin,2,3
comparison=b9943c80181cccee770a8be2,A,after,non-partner,focal=Tabor|conspecific=Nougatti|stage=after|session=2,focal=Lola|conspecific=Odin|stage=after|session=4,Tabor,Lola,Nougatti,Odin,2,4
comparison=b4b59f7355bd7a2fb597108b,A,after,non-partner,focal=Tabor|conspecific=Nougatti|stage=after|session=2,focal=Lola|conspecific=Odin|stage=after|session=5,Tabor,Lola,Nougatti,Odin,2,5
comparison=d56fc201f297c7550639a821,A,after,non-partner,focal=Tabor|conspecific=Nougatti|stage=after|session=2,focal=Lola|conspecific=Odin|stage=after|session=6,Tabor,Lola,Nougatti,Odin,2,6
comparison=f0bf79c445ed7abe03c64d32,A,after,non-partner,focal=Tabor|conspecific=Nougatti|stage=after|session=2,focal=Lola|conspecific=Wuschel|stage=after|session=2,Tabor,Lola,Nougatti,Wuschel,2,2
comparison=29ecc0e4df3601e4f50e4b03,A,after,non-partner,focal=Tabor|conspecific=Nougatti|stage=after|session=2,focal=Lola|conspecific=Wuschel|stage=after|session=3,Tabor,Lola,Nougatti,Wuschel,2,3
comparison=c7c09097aea6eaad4f87c1ee,A,after,non-partner,focal=Tabor|conspecific=Nougatti|stage=after|session=2,focal=Lola|conspecific=Wuschel|stage=after|session=4,Tabor,Lola,Nougatti,Wuschel,2,4
comparison=0a03b2616329d83bc4b955ec,A,after,non-partner,focal=Tabor|conspecific=Nougatti|stage=after|session=2,focal=Lola|conspecific=Wuschel|stage=after|session=5,Tabor,Lola,Nougatti,Wuschel,2,5
comparison=546db020d44e14fc3ef5c237,A,after,non-partner,focal=Tabor|conspecific=Nougatti|stage=after|session=2,focal=Lola|conspecific=Wuschel|stage=after|session=6,Tabor,Lola,Nougatti,Wuschel,2,6
comparison=cd29e886bfbbfdeaa6c44a9f,A,after,non-partner,focal=Tabor|conspecific=Nougatti|stage=after|session=3,focal=Lola|conspecific=Odin|stage=after|session=2,Tabor,Lola,Nougatti,Odin,3,2
comparison=f636d56c04508e44b2313e43,A,after,non-partner,focal=Tabor|conspecific=Nougatti|stage=after|session=3,focal=Lola|conspecific=Odin|stage=after|session=3,Tabor,Lola,Nougatti,Odin,3,3
comparison=4096c534487c6bc8c9f294e1,A,after,non-partner,focal=Tabor|conspecific=Nougatti|stage=after|session=3,focal=Lola|conspecific=Odin|stage=after|session=4,Tabor,Lola,Nougatti,Odin,3,4
comparison=9ad373a4510d130815457915,A,after,non-partner,focal=Tabor|conspecific=Nougatti|stage=after|session=3,focal=Lola|conspecific=Odin|stage=after|session=5,Tabor,Lola,Nougatti,Odin,3,5
comparison=f2342f4fbe917790c16a6258,A,after,non-partner,focal=Tabor|conspecific=Nougatti|stage=after|session=3,focal=Lola|conspecific=Odin|stage=after|session=6,Tabor,Lola,Nougatti,Odin,3,6
comparison=eb87b20b7db5c9bdcab12fb9,A,after,non-partner,focal=Tabor|conspecific=Nougatti|stage=after|session=3,focal=Lola|conspecific=Wuschel|stage=after|session=2,Tabor,Lola,Nougatti,Wuschel,3,2
comparison=aed94b3e8dd12ec80834dba5,A,after,non-partner,focal=Tabor|conspecific=Nougatti|stage=after|session=3,focal=Lola|conspecific=Wuschel|stage=after|session=3,Tabor,Lola,Nougatti,Wuschel,3,3
comparison=46c891db097cdf2510df628e,A,after,non-partner,focal=Tabor|conspecific=Nougatti|stage=after|session=3,focal=Lola|conspecific=Wuschel|stage=after|session=4,Tabor,Lola,Nougatti,Wuschel,3,4
comparison=6b0dc5716c312a5771f5933a,A,after,non-partner,focal=Tabor|conspecific=Nougatti|stage=after|session=3,focal=Lola|conspecific=Wuschel|stage=after|session=5,Tabor,Lola,Nougatti,Wuschel,3,5
comparison=66271d2f55ac7cbc338091e3,A,after,non-partner,focal=Tabor|conspecific=Nougatti|stage=after|session=3,focal=Lola|conspecific=Wuschel|stage=after|session=6,Tabor,Lola,Nougatti,Wuschel,3,6
comparison=7b687067735475585fd4d046,A,after,non-partner,focal=Tabor|conspecific=Nougatti|stage=after|session=4,focal=Lola|conspecific=Odin|stage=after|session=2,Tabor,Lola,Nougatti,Odin,4,2
comparison=4f1cc5c0630ded2d7e841e5d,A,after,non-partner,focal=Tabor|conspecific=Nougatti|stage=after|session=4,focal=Lola|conspecific=Odin|stage=after|session=3,Tabor,Lola,Nougatti,Odin,4,3
comparison=93dfc2acb8acf1d0a7c461ac,A,after,non-partner,focal=Tabor|conspecific=Nougatti|stage=after|session=4,focal=Lola|conspecific=Odin|stage=after|session=4,Tabor,Lola,Nougatti,Odin,4,4
comparison=b094055e7dadd0af6bc6b8b6,A,after,non-partner,focal=Tabor|conspecific=Nougatti|stage=after|session=4,focal=Lola|conspecific=Odin|stage=after|session=5,Tabor,Lola,Nougatti,Odin,4,5
comparison=ec03598a44d704e1f7912525,A,after,non-partner,focal=Tabor|conspecific=Nougatti|stage=after|session=4,focal=Lola|conspecific=Odin|stage=after|session=6,Tabor,Lola,Nougatti,Odin,4,6
comparison=228f63b4c7076993dd2cbef4,A,after,non-partner,focal=Tabor|conspecific=Nougatti|stage=after|session=4,focal=Lola|conspecific=Wuschel|stage=after|session=2,Tabor,Lola,Nougatti,Wuschel,4,2
comparison=56f37950480bafc665896ae4,A,after,non-partner,focal=Tabor|conspecific=Nougatti|stage=after|session=4,focal=Lola|conspecific=Wuschel|stage=after|session=3,Tabor,Lola,Nougatti,Wuschel,4,3
comparison=d1d456ef2e40af826e592e12,A,after,non-partner,focal=Tabor|conspecific=Nougatti|stage=after|session=4,focal=Lola|conspecific=Wuschel|stage=after|session=4,Tabor,Lola,Nougatti,Wuschel,4,4
comparison=85b9045d49e334d10b41e724,A,after,non-partner,focal=Tabor|conspecific=Nougatti|stage=after|session=4,focal=Lola|conspecific=Wuschel|stage=after|session=5,Tabor,Lola,Nougatti,Wuschel,4,5
comparison=36399d167d73b0584abd635f,A,after,non-partner,focal=Tabor|conspecific=Nougatti|stage=after|session=4,focal=Lola|conspecific=Wuschel|stage=after|session=6,Tabor,Lola,Nougatti,Wuschel,4,6
comparison=dc04624ed62ebec04a71ac4e,A,after,non-partner,focal=Tabor|conspecific=Nougatti|stage=after|session=5,focal=Lola|conspecific=Odin|stage=after|session=2,Tabor,Lola,Nougatti,Odin,5,2
comparison=e93047e8c6e0de39507aaad9,A,after,non-partner,focal=Tabor|conspecific=Nougatti|stage=after|session=5,focal=Lola|conspecific=Odin|stage=after|session=3,Tabor,Lola,Nougatti,Odin,5,3
comparison=42dc088c7cf5817e79ca6c51,A,after,non-partner,focal=Tabor|conspecific=Nougatti|stage=after|session=5,focal=Lola|conspecific=Odin|stage=after|session=4,Tabor,Lola,Nougatti,Odin,5,4
comparison=ec07ac4a368eb7dda7a21cb8,A,after,non-partner,focal=Tabor|conspecific=Nougatti|stage=after|session=5,focal=Lola|conspecific=Odin|stage=after|session=5,Tabor,Lola,Nougatti,Odin,5,5
comparison=ffa430d6a9b97faa83e8700f,A,after,non-partner,focal=Tabor|conspecific=Nougatti|stage=after|session=5,focal=Lola|conspecific=Odin|stage=after|session=6,Tabor,Lola,Nougatti,Odin,5,6
comparison=6bf647759796ff5e827c50c5,A,after,non-partner,focal=Tabor|conspecific=Nougatti|stage=after|session=5,focal=Lola|conspecific=Wuschel|stage=after|session=2,Tabor,Lola,Nougatti,Wuschel,5,2
comparison=fb23c3638f32c1a54abd910d,A,after,non-partner,focal=Tabor|conspecific=Nougatti|stage=after|session=5,focal=Lola|conspecific=Wuschel|stage=after|session=3,Tabor,Lola,Nougatti,Wuschel,5,3
comparison=6f9a613fb7120dcf1481b6da,A,after,non-partner,focal=Tabor|conspecific=Nougatti|stage=after|session=5,focal=Lola|conspecific=Wuschel|stage=after|session=4,Tabor,Lola,Nougatti,Wuschel,5,4
comparison=c56a73f0a6d462d42c01b09b,A,after,non-partner,focal=Tabor|conspecific=Nougatti|stage=after|session=5,focal=Lola|conspecific=Wuschel|stage=after|session=5,Tabor,Lola,Nougatti,Wuschel,5,5
comparison=1864f5a08e7ab4c03ccc00dc,A,after,non-partner,focal=Tabor|conspecific=Nougatti|stage=after|session=5,focal=Lola|conspecific=Wuschel|stage=after|session=6,Tabor,Lola,Nougatti,Wuschel,5,6
comparison=f8800867bdf28652df8d4121,A,after,non-partner,focal=Tabor|conspecific=Nougatti|stage=after|session=6,focal=Lola|conspecific=Odin|stage=after|session=2,Tabor,Lola,Nougatti,Odin,6,2
comparison=f2b934a50910b6f16c5f6159,A,after,non-partner,focal=Tabor|conspecific=Nougatti|stage=after|session=6,focal=Lola|conspecific=Odin|stage=after|session=3,Tabor,Lola,Nougatti,Odin,6,3
comparison=de3cd277f65a382ec1b5dacd,A,after,non-partner,focal=Tabor|conspecific=Nougatti|stage=after|session=6,focal=Lola|conspecific=Odin|stage=after|session=4,Tabor,Lola,Nougatti,Odin,6,4
comparison=b3feac09c5fa46df0f9282ec,A,after,non-partner,focal=Tabor|conspecific=Nougatti|stage=after|session=6,focal=Lola|conspecific=Odin|stage=after|session=5,Tabor,Lola,Nougatti,Odin,6,5
comparison=90a1e15ad8b4a427767d3a59,A,after,non-partner,focal=Tabor|conspecific=Nougatti|stage=after|session=6,focal=Lola|conspecific=Odin|stage=after|session=6,Tabor,Lola,Nougatti,Odin,6,6
comparison=f7802ea7507ff03c8f583c5a,A,after,non-partner,focal=Tabor|conspecific=Nougatti|stage=after|session=6,focal=Lola|conspecific=Wuschel|stage=after|session=2,Tabor,Lola,Nougatti,Wuschel,6,2
comparison=6da96511a4ad491ab95bedc5,A,after,non-partner,focal=Tabor|conspecific=Nougatti|stage=after|session=6,focal=Lola|conspecific=Wuschel|stage=after|session=3,Tabor,Lola,Nougatti,Wuschel,6,3
comparison=2605e4f3289baa8f1b86c421,A,after,non-partner,focal=Tabor|conspecific=Nougatti|stage=after|session=6,focal=Lola|conspecific=Wuschel|stage=after|session=4,Tabor,Lola,Nougatti,Wuschel,6,4
comparison=bc921c765bd96552dd032778,A,after,non-partner,focal=Tabor|conspecific=Nougatti|stage=after|session=6,focal=Lola|conspecific=Wuschel|stage=after|session=5,Tabor,Lola,Nougatti,Wuschel,6,5
comparison=37051c8a9b55233e268cdb98,A,after,non-partner,focal=Tabor|conspecific=Nougatti|stage=after|session=6,focal=Lola|conspecific=Wuschel|stage=after|session=6,Tabor,Lola,Nougatti,Wuschel,6,6
comparison=27e380cd39b28246e45b947f,A,after,non-partner,focal=Tabor|conspecific=Olympia|stage=after|session=2,focal=Lola|conspecific=Odin|stage=after|session=2,Tabor,Lola,Olympia,Odin,2,2
comparison=a0f013e1ba46ada222dc9ee1,A,after,non-partner,focal=Tabor|conspecific=Olympia|stage=after|session=2,focal=Lola|conspecific=Odin|stage=after|session=3,Tabor,Lola,Olympia,Odin,2,3
comparison=fe244063983b7d80c4db1fb4,A,after,non-partner,focal=Tabor|conspecific=Olympia|stage=after|session=2,focal=Lola|conspecific=Odin|stage=after|session=4,Tabor,Lola,Olympia,Odin,2,4
comparison=21b07e89f9cfdc09a5f6c38a,A,after,non-partner,focal=Tabor|conspecific=Olympia|stage=after|session=2,focal=Lola|conspecific=Odin|stage=after|session=5,Tabor,Lola,Olympia,Odin,2,5
comparison=4be7fee94bfd4e33a490f459,A,after,non-partner,focal=Tabor|conspecific=Olympia|stage=after|session=2,focal=Lola|conspecific=Odin|stage=after|session=6,Tabor,Lola,Olympia,Odin,2,6
comparison=b1b34ae28692f0ddc3b3c9ad,A,after,non-partner,focal=Tabor|conspecific=Olympia|stage=after|session=2,focal=Lola|conspecific=Wuschel|stage=after|session=2,Tabor,Lola,Olympia,Wuschel,2,2
comparison=6023193e503b3fca28f6566d,A,after,non-partner,focal=Tabor|conspecific=Olympia|stage=after|session=2,focal=Lola|conspecific=Wuschel|stage=after|session=3,Tabor,Lola,Olympia,Wuschel,2,3
comparison=b2540ecbc9158b327c55c9a6,A,after,non-partner,focal=Tabor|conspecific=Olympia|stage=after|session=2,focal=Lola|conspecific=Wuschel|stage=after|session=4,Tabor,Lola,Olympia,Wuschel,2,4
comparison=767881e886ccc18b79e3aa4b,A,after,non-partner,focal=Tabor|conspecific=Olympia|stage=after|session=2,focal=Lola|conspecific=Wuschel|stage=after|session=5,Tabor,Lola,Olympia,Wuschel,2,5
comparison=95fee2d85c5e867267d29bc4,A,after,non-partner,focal=Tabor|conspecific=Olympia|stage=after|session=2,focal=Lola|conspecific=Wuschel|stage=after|session=6,Tabor,Lola,Olympia,Wuschel,2,6
comparison=7e4192488c80a81f561abe8f,A,after,non-partner,focal=Tabor|conspecific=Olympia|stage=after|session=3,focal=Lola|conspecific=Odin|stage=after|session=2,Tabor,Lola,Olympia,Odin,3,2
comparison=db2ec2f642ea49cb005bb7f8,A,after,non-partner,focal=Tabor|conspecific=Olympia|stage=after|session=3,focal=Lola|conspecific=Odin|stage=after|session=3,Tabor,Lola,Olympia,Odin,3,3
comparison=bd10aef881a40b531edc24fd,A,after,non-partner,focal=Tabor|conspecific=Olympia|stage=after|session=3,focal=Lola|conspecific=Odin|stage=after|session=4,Tabor,Lola,Olympia,Odin,3,4
comparison=681b9eec6d48da3b352c2fec,A,after,non-partner,focal=Tabor|conspecific=Olympia|stage=after|session=3,focal=Lola|conspecific=Odin|stage=after|session=5,Tabor,Lola,Olympia,Odin,3,5
comparison=9764a42434fe744af2493de2,A,after,non-partner,focal=Tabor|conspecific=Olympia|stage=after|session=3,focal=Lola|conspecific=Odin|stage=after|session=6,Tabor,Lola,Olympia,Odin,3,6
comparison=56ff58f3cdc194c0f1e1d9aa,A,after,non-partner,focal=Tabor|conspecific=Olympia|stage=after|session=3,focal=Lola|conspecific=Wuschel|stage=after|session=2,Tabor,Lola,Olympia,Wuschel,3,2
comparison=0fd4cbed4af616744d00b329,A,after,non-partner,focal=Tabor|conspecific=Olympia|stage=after|session=3,focal=Lola|conspecific=Wuschel|stage=after|session=3,Tabor,Lola,Olympia,Wuschel,3,3
comparison=1637cc787acb9f6c96c0e114,A,after,non-partner,focal=Tabor|conspecific=Olympia|stage=after|session=3,focal=Lola|conspecific=Wuschel|stage=after|session=4,Tabor,Lola,Olympia,Wuschel,3,4
comparison=d4e1a2da2dae14d88627ae44,A,after,non-partner,focal=Tabor|conspecific=Olympia|stage=after|session=3,focal=Lola|conspecific=Wuschel|stage=after|session=5,Tabor,Lola,Olympia,Wuschel,3,5
comparison=03c86db9a804ffbd2f8dd951,A,after,non-partner,focal=Tabor|conspecific=Olympia|stage=after|session=3,focal=Lola|conspecific=Wuschel|stage=after|session=6,Tabor,Lola,Olympia,Wuschel,3,6
comparison=285e32d46889d9904f074ad8,A,after,non-partner,focal=Tabor|conspecific=Olympia|stage=after|session=4,focal=Lola|conspecific=Odin|stage=after|session=2,Tabor,Lola,Olympia,Odin,4,2
comparison=6e4c86e65831e3d7cce91a98,A,after,non-partner,focal=Tabor|conspecific=Olympia|stage=after|session=4,focal=Lola|conspecific=Odin|stage=after|session=3,Tabor,Lola,Olympia,Odin,4,3
comparison=397b675cfbe2a4e8d70c0b4f,A,after,non-partner,focal=Tabor|conspecific=Olympia|stage=after|session=4,focal=Lola|conspecific=Odin|stage=after|session=4,Tabor,Lola,Olympia,Odin,4,4
comparison=252c46701df2097a94141912,A,after,non-partner,focal=Tabor|conspecific=Olympia|stage=after|session=4,focal=Lola|conspecific=Odin|stage=after|session=5,Tabor,Lola,Olympia,Odin,4,5
comparison=bac4dfc56243e931be2fb1bc,A,after,non-partner,focal=Tabor|conspecific=Olympia|stage=after|session=4,focal=Lola|conspecific=Odin|stage=after|session=6,Tabor,Lola,Olympia,Odin,4,6
comparison=b338257fa3c083a3ba3b00f0,A,after,non-partner,focal=Tabor|conspecific=Olympia|stage=after|session=4,focal=Lola|conspecific=Wuschel|stage=after|session=2,Tabor,Lola,Olympia,Wuschel,4,2
comparison=2f6d84d280c49eb7e1f8ff23,A,after,non-partner,focal=Tabor|conspecific=Olympia|stage=after|session=4,focal=Lola|conspecific=Wuschel|stage=after|session=3,Tabor,Lola,Olympia,Wuschel,4,3
comparison=3ff1610521b7dd083d257352,A,after,non-partner,focal=Tabor|conspecific=Olympia|stage=after|session=4,focal=Lola|conspecific=Wuschel|stage=after|session=4,Tabor,Lola,Olympia,Wuschel,4,4
comparison=dde7c621e34aa9de71095b80,A,after,non-partner,focal=Tabor|conspecific=Olympia|stage=after|session=4,focal=Lola|conspecific=Wuschel|stage=after|session=5,Tabor,Lola,Olympia,Wuschel,4,5
comparison=4f73e69d21bfc55203565b29,A,after,non-partner,focal=Tabor|conspecific=Olympia|stage=after|session=4,focal=Lola|conspecific=Wuschel|stage=after|session=6,Tabor,Lola,Olympia,Wuschel,4,6
comparison=e5965172105bbf2cdb85cead,A,after,non-partner,focal=Tabor|conspecific=Olympia|stage=after|session=5,focal=Lola|conspecific=Odin|stage=after|session=2,Tabor,Lola,Olympia,Odin,5,2
comparison=c7037bdcf22832d3650ee08e,A,after,non-partner,focal=Tabor|conspecific=Olympia|stage=after|session=5,focal=Lola|conspecific=Odin|stage=after|session=3,Tabor,Lola,Olympia,Odin,5,3
comparison=5a16c55a330e22ba6ce73a2f,A,after,non-partner,focal=Tabor|conspecific=Olympia|stage=after|session=5,focal=Lola|conspecific=Odin|stage=after|session=4,Tabor,Lola,Olympia,Odin,5,4
comparison=5456978eb23f66a707c27348,A,after,non-partner,focal=Tabor|conspecific=Olympia|stage=after|session=5,focal=Lola|conspecific=Odin|stage=after|session=5,Tabor,Lola,Olympia,Odin,5,5
comparison=e5873c53d901c9f0cc268d86,A,after,non-partner,focal=Tabor|conspecific=Olympia|stage=after|session=5,focal=Lola|conspecific=Odin|stage=after|session=6,Tabor,Lola,Olympia,Odin,5,6
comparison=36bf0ac3c7e1d93abdc48bb2,A,after,non-partner,focal=Tabor|conspecific=Olympia|stage=after|session=5,focal=Lola|conspecific=Wuschel|stage=after|session=2,Tabor,Lola,Olympia,Wuschel,5,2
comparison=632074a8b1a90273cbfb535f,A,after,non-partner,focal=Tabor|conspecific=Olympia|stage=after|session=5,focal=Lola|conspecific=Wuschel|stage=after|session=3,Tabor,Lola,Olympia,Wuschel,5,3
comparison=12bbaa155c2d9606c164b63d,A,after,non-partner,focal=Tabor|conspecific=Olympia|stage=after|session=5,focal=Lola|conspecific=Wuschel|stage=after|session=4,Tabor,Lola,Olympia,Wuschel,5,4
comparison=2a75e088389033217b48277d,A,after,non-partner,focal=Tabor|conspecific=Olympia|stage=after|session=5,focal=Lola|conspecific=Wuschel|stage=after|session=5,Tabor,Lola,Olympia,Wuschel,5,5
comparison=39cf4216095c38ad82a6a560,A,after,non-partner,focal=Tabor|conspecific=Olympia|stage=after|session=5,focal=Lola|conspecific=Wuschel|stage=after|session=6,Tabor,Lola,Olympia,Wuschel,5,6
comparison=205d099a05a3d3ee1adbb22b,A,after,non-partner,focal=Tabor|conspecific=Olympia|stage=after|session=6,focal=Lola|conspecific=Odin|stage=after|session=2,Tabor,Lola,Olympia,Odin,6,2
comparison=21a499e3f15df0d827bd9afe,A,after,non-partner,focal=Tabor|conspecific=Olympia|stage=after|session=6,focal=Lola|conspecific=Odin|stage=after|session=3,Tabor,Lola,Olympia,Odin,6,3
comparison=9e6751315167c6eff5cf5450,A,after,non-partner,focal=Tabor|conspecific=Olympia|stage=after|session=6,focal=Lola|conspecific=Odin|stage=after|session=4,Tabor,Lola,Olympia,Odin,6,4
comparison=59f2e003a8465d0b2e876963,A,after,non-partner,focal=Tabor|conspecific=Olympia|stage=after|session=6,focal=Lola|conspecific=Odin|stage=after|session=5,Tabor,Lola,Olympia,Odin,6,5
comparison=b2d1a33462a286562690d275,A,after,non-partner,focal=Tabor|conspecific=Olympia|stage=after|session=6,focal=Lola|conspecific=Odin|stage=after|session=6,Tabor,Lola,Olympia,Odin,6,6
comparison=605c21fac6ab61b376a993cf,A,after,non-partner,focal=Tabor|conspecific=Olympia|stage=after|session=6,focal=Lola|conspecific=Wuschel|stage=after|session=2,Tabor,Lola,Olympia,Wuschel,6,2
comparison=e223c30b8e3a936eede32748,A,after,non-partner,focal=Tabor|conspecific=Olympia|stage=after|session=6,focal=Lola|conspecific=Wuschel|stage=after|session=3,Tabor,Lola,Olympia,Wuschel,6,3
comparison=587752559894a5ea18dc136a,A,after,non-partner,focal=Tabor|conspecific=Olympia|stage=after|session=6,focal=Lola|conspecific=Wuschel|stage=after|session=4,Tabor,Lola,Olympia,Wuschel,6,4
comparison=ba94cf36154e64af17f8de78,A,after,non-partner,focal=Tabor|conspecific=Olympia|stage=after|session=6,focal=Lola|conspecific=Wuschel|stage=after|session=5,Tabor,Lola,Olympia,Wuschel,6,5
comparison=f31a9bd9bbf17bf5cc3c897c,A,after,non-partner,focal=Tabor|conspecific=Olympia|stage=after|session=6,focal=Lola|conspecific=Wuschel|stage=after|session=6,Tabor,Lola,Olympia,Wuschel,6,6
comparison=90117844ce627856029fcdd2,A,after,partner,focal=Tabor|conspecific=Lola|stage=after|session=3,focal=Lola|conspecific=Tabor|stage=after|session=3,Tabor,Lola,Lola,Tabor,3,3
comparison=7ee47f7a688067c771f5e320,A,after,partner,focal=Tabor|conspecific=Lola|stage=after|session=3,focal=Lola|conspecific=Tabor|stage=after|session=5,Tabor,Lola,Lola,Tabor,3,5
comparison=2eb19751a25041794e5110c7,A,after,partner,focal=Tabor|conspecific=Lola|stage=after|session=5,focal=Lola|conspecific=Tabor|stage=after|session=3,Tabor,Lola,Lola,Tabor,5,3
comparison=fba4d88e2716f0fd37170d66,A,after,partner,focal=Tabor|conspecific=Lola|stage=after|session=5,focal=Lola|conspecific=Tabor|stage=after|session=5,Tabor,Lola,Lola,Tabor,5,5
comparison=f4c77d6eba19400b7a7a9f96,A,after,partner,focal=Tabor|conspecific=Lola|stage=after|session=6,focal=Lola|conspecific=Tabor|stage=after|session=3,Tabor,Lola,Lola,Tabor,6,3
comparison=9ed166e4c88d2819ebdf48b1,A,after,partner,focal=Tabor|conspecific=Lola|stage=after|session=6,focal=Lola|conspecific=Tabor|stage=after|session=5,Tabor,Lola,Lola,Tabor,6,5
comparison=c44bb8a0a2a87b1eea53c3d2,A,before,non-partner,focal=Tabor|conspecific=Nougatti|stage=before|session=2,focal=Lola|conspecific=Odin|stage=before|session=1,Tabor,Lola,Nougatti,Odin,2,1
comparison=dd1e718438110d1778edd88e,A,before,non-partner,focal=Tabor|conspecific=Nougatti|stage=before|session=2,focal=Lola|conspecific=Odin|stage=before|session=5,Tabor,Lola,Nougatti,Odin,2,5
comparison=23bc5b6c3899bb396da6cc28,A,before,non-partner,focal=Tabor|conspecific=Nougatti|stage=before|session=2,focal=Lola|conspecific=Wuschel|stage=before|session=4,Tabor,Lola,Nougatti,Wuschel,2,4
comparison=77c08c5f90146ba6c5033cfd,A,before,non-partner,focal=Tabor|conspecific=Nougatti|stage=before|session=3,focal=Lola|conspecific=Odin|stage=before|session=1,Tabor,Lola,Nougatti,Odin,3,1
comparison=cc23d65faa083b97cb8d4fd1,A,before,non-partner,focal=Tabor|conspecific=Nougatti|stage=before|session=3,focal=Lola|conspecific=Odin|stage=before|session=5,Tabor,Lola,Nougatti,Odin,3,5
comparison=b2a9b2246563a0cf405b87bb,A,before,non-partner,focal=Tabor|conspecific=Nougatti|stage=before|session=3,focal=Lola|conspecific=Wuschel|stage=before|session=4,Tabor,Lola,Nougatti,Wuschel,3,4
comparison=7879d6fe33ac4f9bb0f21ab0,A,before,non-partner,focal=Tabor|conspecific=Nougatti|stage=before|session=4,focal=Lola|conspecific=Odin|stage=before|session=1,Tabor,Lola,Nougatti,Odin,4,1
comparison=c4d13cdaff8f00bfd3c11273,A,before,non-partner,focal=Tabor|conspecific=Nougatti|stage=before|session=4,focal=Lola|conspecific=Odin|stage=before|session=5,Tabor,Lola,Nougatti,Odin,4,5
comparison=047a4ea1a3e7f9c0d51492ea,A,before,non-partner,focal=Tabor|conspecific=Nougatti|stage=before|session=4,focal=Lola|conspecific=Wuschel|stage=before|session=4,Tabor,Lola,Nougatti,Wuschel,4,4
comparison=bc77f0c52e56ca12ca79a752,A,before,non-partner,focal=Tabor|conspecific=Nougatti|stage=before|session=6,focal=Lola|conspecific=Odin|stage=before|session=1,Tabor,Lola,Nougatti,Odin,6,1
comparison=1c310b6fab57d3a75d92cad3,A,before,non-partner,focal=Tabor|conspecific=Nougatti|stage=before|session=6,focal=Lola|conspecific=Odin|stage=before|session=5,Tabor,Lola,Nougatti,Odin,6,5
comparison=44d80449261229f0f5610aa6,A,before,non-partner,focal=Tabor|conspecific=Nougatti|stage=before|session=6,focal=Lola|conspecific=Wuschel|stage=before|session=4,Tabor,Lola,Nougatti,Wuschel,6,4
comparison=345ca898729088662585121d,A,before,non-partner,focal=Tabor|conspecific=Olympia|stage=before|session=1,focal=Lola|conspecific=Odin|stage=before|session=1,Tabor,Lola,Olympia,Odin,1,1
comparison=09ba882a7c509b88217c0ca9,A,before,non-partner,focal=Tabor|conspecific=Olympia|stage=before|session=1,focal=Lola|conspecific=Odin|stage=before|session=5,Tabor,Lola,Olympia,Odin,1,5
comparison=e9274f467db764d723b0c205,A,before,non-partner,focal=Tabor|conspecific=Olympia|stage=before|session=1,focal=Lola|conspecific=Wuschel|stage=before|session=4,Tabor,Lola,Olympia,Wuschel,1,4
comparison=4ae3dda58e60720d3e134349,A,before,non-partner,focal=Tabor|conspecific=Olympia|stage=before|session=2,focal=Lola|conspecific=Odin|stage=before|session=1,Tabor,Lola,Olympia,Odin,2,1
comparison=ad6f6b814cf22050a33de045,A,before,non-partner,focal=Tabor|conspecific=Olympia|stage=before|session=2,focal=Lola|conspecific=Odin|stage=before|session=5,Tabor,Lola,Olympia,Odin,2,5
comparison=b54e9f38117faec10eba0394,A,before,non-partner,focal=Tabor|conspecific=Olympia|stage=before|session=2,focal=Lola|conspecific=Wuschel|stage=before|session=4,Tabor,Lola,Olympia,Wuschel,2,4
comparison=1700f6eabe063e37c97fb75b,A,before,non-partner,focal=Tabor|conspecific=Olympia|stage=before|session=3,focal=Lola|conspecific=Odin|stage=before|session=1,Tabor,Lola,Olympia,Odin,3,1
comparison=b308797df673bf8c98c67370,A,before,non-partner,focal=Tabor|conspecific=Olympia|stage=before|session=3,focal=Lola|conspecific=Odin|stage=before|session=5,Tabor,Lola,Olympia,Odin,3,5
comparison=d36a5869f008968c20e7f9c2,A,before,non-partner,focal=Tabor|conspecific=Olympia|stage=before|session=3,focal=Lola|conspecific=Wuschel|stage=before|session=4,Tabor,Lola,Olympia,Wuschel,3,4
comparison=4a251c70a0c560dfdb97d0c4,A,before,non-partner,focal=Tabor|conspecific=Olympia|stage=before|session=4,focal=Lola|conspecific=Odin|stage=before|session=1,Tabor,Lola,Olympia,Odin,4,1
comparison=fb543031f6e2d65c18a41344,A,before,non-partner,focal=Tabor|conspecific=Olympia|stage=before|session=4,focal=Lola|conspecific=Odin|stage=before|session=5,Tabor,Lola,Olympia,Odin,4,5
comparison=2f2764bcdac2fa04f57ee06b,A,before,non-partner,focal=Tabor|conspecific=Olympia|stage=before|session=4,focal=Lola|conspecific=Wuschel|stage=before|session=4,Tabor,Lola,Olympia,Wuschel,4,4
comparison=9fea2b98e95fc7d3085f9e4a,A,before,non-partner,focal=Tabor|conspecific=Olympia|stage=before|session=5,focal=Lola|conspecific=Odin|stage=before|session=1,Tabor,Lola,Olympia,Odin,5,1
comparison=bbef7b8ca0b7ce57efbc128e,A,before,non-partner,focal=Tabor|conspecific=Olympia|stage=before|session=5,focal=Lola|conspecific=Odin|stage=before|session=5,Tabor,Lola,Olympia,Odin,5,5
comparison=45af85c327c91e404dc56796,A,before,non-partner,focal=Tabor|conspecific=Olympia|stage=before|session=5,focal=Lola|conspecific=Wuschel|stage=before|session=4,Tabor,Lola,Olympia,Wuschel,5,4
comparison=5b2a82c06c87a10dbf958fd3,A,before,partner,focal=Tabor|conspecific=Lola|stage=before|session=1,focal=Lola|conspecific=Tabor|stage=before|session=4,Tabor,Lola,Lola,Tabor,1,4
comparison=706c2609744725c72cec813d,A,before,partner,focal=Tabor|conspecific=Lola|stage=before|session=1,focal=Lola|conspecific=Tabor|stage=before|session=6,Tabor,Lola,Lola,Tabor,1,6
comparison=08d582c51ab85625b9833efe,A,before,partner,focal=Tabor|conspecific=Lola|stage=before|session=3,focal=Lola|conspecific=Tabor|stage=before|session=4,Tabor,Lola,Lola,Tabor,3,4
comparison=de12e1eb999dd443f9653145,A,before,partner,focal=Tabor|conspecific=Lola|stage=before|session=3,focal=Lola|conspecific=Tabor|stage=before|session=6,Tabor,Lola,Lola,Tabor,3,6
comparison=b09454c867a48dca6a0d353c,A,before,partner,focal=Tabor|conspecific=Lola|stage=before|session=6,focal=Lola|conspecific=Tabor|stage=before|session=4,Tabor,Lola,Lola,Tabor,6,4
comparison=3b299286b11fa22b7480d879,A,before,partner,focal=Tabor|conspecific=Lola|stage=before|session=6,focal=Lola|conspecific=Tabor|stage=before|session=6,Tabor,Lola,Lola,Tabor,6,6
comparison=cfc9b2b364a77a5ed048a8bd,B,after,non-partner,focal=Wuschel|conspecific=Lola|stage=after|session=2,focal=Olympia|conspecific=Odin|stage=after|session=1,Wuschel,Olympia,Lola,Odin,2,1
comparison=0b73789ced1c36bd4d342cec,B,after,non-partner,focal=Wuschel|conspecific=Lola|stage=after|session=2,focal=Olympia|conspecific=Odin|stage=after|session=3,Wuschel,Olympia,Lola,Odin,2,3
comparison=112da79be8d2c35b95d9aeca,B,after,non-partner,focal=Wuschel|conspecific=Lola|stage=after|session=3,focal=Olympia|conspecific=Odin|stage=after|session=1,Wuschel,Olympia,Lola,Odin,3,1
comparison=0fc744100ea1f5d7aa3c826c,B,after,non-partner,focal=Wuschel|conspecific=Lola|stage=after|session=3,focal=Olympia|conspecific=Odin|stage=after|session=3,Wuschel,Olympia,Lola,Odin,3,3
comparison=2edcd9c97322b47515c25500,B,after,non-partner,focal=Wuschel|conspecific=Lola|stage=after|session=4,focal=Olympia|conspecific=Odin|stage=after|session=1,Wuschel,Olympia,Lola,Odin,4,1
comparison=15565decbcefd63f2cc08041,B,after,non-partner,focal=Wuschel|conspecific=Lola|stage=after|session=4,focal=Olympia|conspecific=Odin|stage=after|session=3,Wuschel,Olympia,Lola,Odin,4,3
comparison=69b6b0af6a295ebcac596992,B,after,non-partner,focal=Wuschel|conspecific=Lola|stage=after|session=5,focal=Olympia|conspecific=Odin|stage=after|session=1,Wuschel,Olympia,Lola,Odin,5,1
comparison=c6b9aecf90f4d7a5db062868,B,after,non-partner,focal=Wuschel|conspecific=Lola|stage=after|session=5,focal=Olympia|conspecific=Odin|stage=after|session=3,Wuschel,Olympia,Lola,Odin,5,3
comparison=f51fbe51c9d2465449379327,B,after,non-partner,focal=Wuschel|conspecific=Lola|stage=after|session=6,focal=Olympia|conspecific=Odin|stage=after|session=1,Wuschel,Olympia,Lola,Odin,6,1
comparison=be63add29771276b0fa796b2,B,after,non-partner,focal=Wuschel|conspecific=Lola|stage=after|session=6,focal=Olympia|conspecific=Odin|stage=after|session=3,Wuschel,Olympia,Lola,Odin,6,3
comparison=bca3ff0ffdfabe9bdb567298,B,after,non-partner,focal=Wuschel|conspecific=Nougatti|stage=after|session=4,focal=Olympia|conspecific=Odin|stage=after|session=1,Wuschel,Olympia,Nougatti,Odin,4,1
comparison=8fa1027a7bee3df75ed28742,B,after,non-partner,focal=Wuschel|conspecific=Nougatti|stage=after|session=4,focal=Olympia|conspecific=Odin|stage=after|session=3,Wuschel,Olympia,Nougatti,Odin,4,3
comparison=7c4b79070d42de0db8d9fe7d,B,after,non-partner,focal=Wuschel|conspecific=Nougatti|stage=after|session=5,focal=Olympia|conspecific=Odin|stage=after|session=1,Wuschel,Olympia,Nougatti,Odin,5,1
comparison=58aed1ddd6aec74a11d8cd8c,B,after,non-partner,focal=Wuschel|conspecific=Nougatti|stage=after|session=5,focal=Olympia|conspecific=Odin|stage=after|session=3,Wuschel,Olympia,Nougatti,Odin,5,3
comparison=8e060b1baf63d721dbecf45f,B,after,partner,focal=Wuschel|conspecific=Olympia|stage=after|session=3,focal=Olympia|conspecific=Wuschel|stage=after|session=1,Wuschel,Olympia,Olympia,Wuschel,3,1
comparison=3e5c9b86d9012632ac51aee3,B,after,partner,focal=Wuschel|conspecific=Olympia|stage=after|session=3,focal=Olympia|conspecific=Wuschel|stage=after|session=2,Wuschel,Olympia,Olympia,Wuschel,3,2
comparison=eaeaeb5b248c1e679d315281,B,after,partner,focal=Wuschel|conspecific=Olympia|stage=after|session=3,focal=Olympia|conspecific=Wuschel|stage=after|session=3,Wuschel,Olympia,Olympia,Wuschel,3,3
comparison=2d1770263479b76131946e72,B,after,partner,focal=Wuschel|conspecific=Olympia|stage=after|session=4,focal=Olympia|conspecific=Wuschel|stage=after|session=1,Wuschel,Olympia,Olympia,Wuschel,4,1
comparison=977e9ebd128173d1e713bb5e,B,after,partner,focal=Wuschel|conspecific=Olympia|stage=after|session=4,focal=Olympia|conspecific=Wuschel|stage=after|session=2,Wuschel,Olympia,Olympia,Wuschel,4,2
comparison=9ca2a7fc84d4bd4185079692,B,after,partner,focal=Wuschel|conspecific=Olympia|stage=after|session=4,focal=Olympia|conspecific=Wuschel|stage=after|session=3,Wuschel,Olympia,Olympia,Wuschel,4,3
comparison=5f283a80543e91bd243d8a3c,B,before,non-partner,focal=Wuschel|conspecific=Lola|stage=before|session=2,focal=Olympia|conspecific=Odin|stage=before|session=1,Wuschel,Olympia,Lola,Odin,2,1
comparison=4f003bfde8da7c1b284053be,B,before,non-partner,focal=Wuschel|conspecific=Lola|stage=before|session=2,focal=Olympia|conspecific=Odin|stage=before|session=2,Wuschel,Olympia,Lola,Odin,2,2
comparison=52e42ff7a11a692b6062315d,B,before,non-partner,focal=Wuschel|conspecific=Lola|stage=before|session=2,focal=Olympia|conspecific=Odin|stage=before|session=3,Wuschel,Olympia,Lola,Odin,2,3
comparison=2ae4ed68fe076f7330b71c99,B,before,non-partner,focal=Wuschel|conspecific=Lola|stage=before|session=2,focal=Olympia|conspecific=Odin|stage=before|session=4,Wuschel,Olympia,Lola,Odin,2,4
comparison=73bb6ae4a50417b3e6b5b01a,B,before,non-partner,focal=Wuschel|conspecific=Lola|stage=before|session=2,focal=Olympia|conspecific=Odin|stage=before|session=6,Wuschel,Olympia,Lola,Odin,2,6
comparison=aeb0eaf8003fac09aa360101,B,before,non-partner,focal=Wuschel|conspecific=Lola|stage=before|session=2,focal=Olympia|conspecific=Tabor|stage=before|session=1,Wuschel,Olympia,Lola,Tabor,2,1
comparison=5eb74152df3a58d62ffdd88f,B,before,non-partner,focal=Wuschel|conspecific=Lola|stage=before|session=2,focal=Olympia|conspecific=Tabor|stage=before|session=4,Wuschel,Olympia,Lola,Tabor,2,4
comparison=e57d808f3dca69b22c2309b4,B,before,non-partner,focal=Wuschel|conspecific=Lola|stage=before|session=2,focal=Olympia|conspecific=Tabor|stage=before|session=5,Wuschel,Olympia,Lola,Tabor,2,5
comparison=6fe532435b2b0ee4840ba22d,B,before,non-partner,focal=Wuschel|conspecific=Lola|stage=before|session=2,focal=Olympia|conspecific=Tabor|stage=before|session=6,Wuschel,Olympia,Lola,Tabor,2,6
comparison=63d1b7b4431a0549c7c6d044,B,before,non-partner,focal=Wuschel|conspecific=Lola|stage=before|session=3,focal=Olympia|conspecific=Odin|stage=before|session=1,Wuschel,Olympia,Lola,Odin,3,1
comparison=67f93e8d4afc88bbd4312eef,B,before,non-partner,focal=Wuschel|conspecific=Lola|stage=before|session=3,focal=Olympia|conspecific=Odin|stage=before|session=2,Wuschel,Olympia,Lola,Odin,3,2
comparison=22f49058fabe72a81e24ffca,B,before,non-partner,focal=Wuschel|conspecific=Lola|stage=before|session=3,focal=Olympia|conspecific=Odin|stage=before|session=3,Wuschel,Olympia,Lola,Odin,3,3
comparison=b08219f0232473c88b152ce5,B,before,non-partner,focal=Wuschel|conspecific=Lola|stage=before|session=3,focal=Olympia|conspecific=Odin|stage=before|session=4,Wuschel,Olympia,Lola,Odin,3,4
comparison=ca33dcda5e3939c137601e2e,B,before,non-partner,focal=Wuschel|conspecific=Lola|stage=before|session=3,focal=Olympia|conspecific=Odin|stage=before|session=6,Wuschel,Olympia,Lola,Odin,3,6
comparison=7ea23fb84d2b3c4d8f40ee66,B,before,non-partner,focal=Wuschel|conspecific=Lola|stage=before|session=3,focal=Olympia|conspecific=Tabor|stage=before|session=1,Wuschel,Olympia,Lola,Tabor,3,1
comparison=3c20f6eb036601f34c5699c0,B,before,non-partner,focal=Wuschel|conspecific=Lola|stage=before|session=3,focal=Olympia|conspecific=Tabor|stage=before|session=4,Wuschel,Olympia,Lola,Tabor,3,4
comparison=7646dafa9577f7b100534449,B,before,non-partner,focal=Wuschel|conspecific=Lola|stage=before|session=3,focal=Olympia|conspecific=Tabor|stage=before|session=5,Wuschel,Olympia,Lola,Tabor,3,5
comparison=6ff01a217f304fa98736d30c,B,before,non-partner,focal=Wuschel|conspecific=Lola|stage=before|session=3,focal=Olympia|conspecific=Tabor|stage=before|session=6,Wuschel,Olympia,Lola,Tabor,3,6
comparison=ff4048cd7d79b08c45d805e4,B,before,non-partner,focal=Wuschel|conspecific=Lola|stage=before|session=4,focal=Olympia|conspecific=Odin|stage=before|session=1,Wuschel,Olympia,Lola,Odin,4,1
comparison=d6abfaf8d823e035c97f4a98,B,before,non-partner,focal=Wuschel|conspecific=Lola|stage=before|session=4,focal=Olympia|conspecific=Odin|stage=before|session=2,Wuschel,Olympia,Lola,Odin,4,2
comparison=eeeb905bbad9e4dfdc47dea2,B,before,non-partner,focal=Wuschel|conspecific=Lola|stage=before|session=4,focal=Olympia|conspecific=Odin|stage=before|session=3,Wuschel,Olympia,Lola,Odin,4,3
comparison=e4b9cd8352842c8e8a18308f,B,before,non-partner,focal=Wuschel|conspecific=Lola|stage=before|session=4,focal=Olympia|conspecific=Odin|stage=before|session=4,Wuschel,Olympia,Lola,Odin,4,4
comparison=9f1d5aa788d11de3b422fdb5,B,before,non-partner,focal=Wuschel|conspecific=Lola|stage=before|session=4,focal=Olympia|conspecific=Odin|stage=before|session=6,Wuschel,Olympia,Lola,Odin,4,6
comparison=4dc897ea219070b927f66fcb,B,before,non-partner,focal=Wuschel|conspecific=Lola|stage=before|session=4,focal=Olympia|conspecific=Tabor|stage=before|session=1,Wuschel,Olympia,Lola,Tabor,4,1
comparison=bf3139f1ba4c551ea398278d,B,before,non-partner,focal=Wuschel|conspecific=Lola|stage=before|session=4,focal=Olympia|conspecific=Tabor|stage=before|session=4,Wuschel,Olympia,Lola,Tabor,4,4
comparison=b276edf8319847a1635954ef,B,before,non-partner,focal=Wuschel|conspecific=Lola|stage=before|session=4,focal=Olympia|conspecific=Tabor|stage=before|session=5,Wuschel,Olympia,Lola,Tabor,4,5
comparison=2e32b6de3db6c9be53083de1,B,before,non-partner,focal=Wuschel|conspecific=Lola|stage=before|session=4,focal=Olympia|conspecific=Tabor|stage=before|session=6,Wuschel,Olympia,Lola,Tabor,4,6
comparison=f699809c701498cff873b0fd,B,before,non-partner,focal=Wuschel|conspecific=Nougatti|stage=before|session=2,focal=Olympia|conspecific=Odin|stage=before|session=1,Wuschel,Olympia,Nougatti,Odin,2,1
comparison=b4b39cb24045ec379d219f15,B,before,non-partner,focal=Wuschel|conspecific=Nougatti|stage=before|session=2,focal=Olympia|conspecific=Odin|stage=before|session=2,Wuschel,Olympia,Nougatti,Odin,2,2
comparison=4f4c2f0db9c96d3548ebd0f4,B,before,non-partner,focal=Wuschel|conspecific=Nougatti|stage=before|session=2,focal=Olympia|conspecific=Odin|stage=before|session=3,Wuschel,Olympia,Nougatti,Odin,2,3
comparison=fdac747924021efe7bd6b9cd,B,before,non-partner,focal=Wuschel|conspecific=Nougatti|stage=before|session=2,focal=Olympia|conspecific=Odin|stage=before|session=4,Wuschel,Olympia,Nougatti,Odin,2,4
comparison=94fd070a92e87d00a38e049c,B,before,non-partner,focal=Wuschel|conspecific=Nougatti|stage=before|session=2,focal=Olympia|conspecific=Odin|stage=before|session=6,Wuschel,Olympia,Nougatti,Odin,2,6
comparison=b7df678ce0adb34f4f71109f,B,before,non-partner,focal=Wuschel|conspecific=Nougatti|stage=before|session=2,focal=Olympia|conspecific=Tabor|stage=before|session=1,Wuschel,Olympia,Nougatti,Tabor,2,1
comparison=c59c0010efc6269f404540b8,B,before,non-partner,focal=Wuschel|conspecific=Nougatti|stage=before|session=2,focal=Olympia|conspecific=Tabor|stage=before|session=4,Wuschel,Olympia,Nougatti,Tabor,2,4
comparison=4b2cba8f6a3847ea4bf7d5f8,B,before,non-partner,focal=Wuschel|conspecific=Nougatti|stage=before|session=2,focal=Olympia|conspecific=Tabor|stage=before|session=5,Wuschel,Olympia,Nougatti,Tabor,2,5
comparison=147e11b30dc316c6ae7e5af4,B,before,non-partner,focal=Wuschel|conspecific=Nougatti|stage=before|session=2,focal=Olympia|conspecific=Tabor|stage=before|session=6,Wuschel,Olympia,Nougatti,Tabor,2,6
comparison=743652d12275eb804d724cbe,B,before,non-partner,focal=Wuschel|conspecific=Nougatti|stage=before|session=4,focal=Olympia|conspecific=Odin|stage=before|session=1,Wuschel,Olympia,Nougatti,Odin,4,1
comparison=e81462e78c268dbb94297a8d,B,before,non-partner,focal=Wuschel|conspecific=Nougatti|stage=before|session=4,focal=Olympia|conspecific=Odin|stage=before|session=2,Wuschel,Olympia,Nougatti,Odin,4,2
comparison=5a18aa50e32053bfe935ee97,B,before,non-partner,focal=Wuschel|conspecific=Nougatti|stage=before|session=4,focal=Olympia|conspecific=Odin|stage=before|session=3,Wuschel,Olympia,Nougatti,Odin,4,3
comparison=9c5f5f622cb48f8b76e07d73,B,before,non-partner,focal=Wuschel|conspecific=Nougatti|stage=before|session=4,focal=Olympia|conspecific=Odin|stage=before|session=4,Wuschel,Olympia,Nougatti,Odin,4,4
comparison=52c3282300eed939a9090162,B,before,non-partner,focal=Wuschel|conspecific=Nougatti|stage=before|session=4,focal=Olympia|conspecific=Odin|stage=before|session=6,Wuschel,Olympia,Nougatti,Odin,4,6
comparison=398e84c31dd94c6fb00f2f62,B,before,non-partner,focal=Wuschel|conspecific=Nougatti|stage=before|session=4,focal=Olympia|conspecific=Tabor|stage=before|session=1,Wuschel,Olympia,Nougatti,Tabor,4,1
comparison=07d4d3f7dd4640878c30637f,B,before,non-partner,focal=Wuschel|conspecific=Nougatti|stage=before|session=4,focal=Olympia|conspecific=Tabor|stage=before|session=4,Wuschel,Olympia,Nougatti,Tabor,4,4
comparison=3c870b09bde132e133c66546,B,before,non-partner,focal=Wuschel|conspecific=Nougatti|stage=before|session=4,focal=Olympia|conspecific=Tabor|stage=before|session=5,Wuschel,Olympia,Nougatti,Tabor,4,5
comparison=e4b2786d930b8a0bd118760c,B,before,non-partner,focal=Wuschel|conspecific=Nougatti|stage=before|session=4,focal=Olympia|conspecific=Tabor|stage=before|session=6,Wuschel,Olympia,Nougatti,Tabor,4,6
comparison=fabf3144909026a6ae1c01d7,B,before,non-partner,focal=Wuschel|conspecific=Nougatti|stage=before|session=5,focal=Olympia|conspecific=Odin|stage=before|session=1,Wuschel,Olympia,Nougatti,Odin,5,1
comparison=30d792ef274a3c2df1d6914d,B,before,non-partner,focal=Wuschel|conspecific=Nougatti|stage=before|session=5,focal=Olympia|conspecific=Odin|stage=before|session=2,Wuschel,Olympia,Nougatti,Odin,5,2
comparison=b5901bc7ce239d405075a68a,B,before,non-partner,focal=Wuschel|conspecific=Nougatti|stage=before|session=5,focal=Olympia|conspecific=Odin|stage=before|session=3,Wuschel,Olympia,Nougatti,Odin,5,3
comparison=311d57cc8faa926aacc6636e,B,before,non-partner,focal=Wuschel|conspecific=Nougatti|stage=before|session=5,focal=Olympia|conspecific=Odin|stage=before|session=4,Wuschel,Olympia,Nougatti,Odin,5,4
comparison=6abe1843e1119b70cd4a7ef2,B,before,non-partner,focal=Wuschel|conspecific=Nougatti|stage=before|session=5,focal=Olympia|conspecific=Odin|stage=before|session=6,Wuschel,Olympia,Nougatti,Odin,5,6
comparison=792b09e246d64b308afe29ca,B,before,non-partner,focal=Wuschel|conspecific=Nougatti|stage=before|session=5,focal=Olympia|conspecific=Tabor|stage=before|session=1,Wuschel,Olympia,Nougatti,Tabor,5,1
comparison=d85ca9913d101cedb2e0835e,B,before,non-partner,focal=Wuschel|conspecific=Nougatti|stage=before|session=5,focal=Olympia|conspecific=Tabor|stage=before|session=4,Wuschel,Olympia,Nougatti,Tabor,5,4
comparison=333c9cb019826c99eb5cd3f6,B,before,non-partner,focal=Wuschel|conspecific=Nougatti|stage=before|session=5,focal=Olympia|conspecific=Tabor|stage=before|session=5,Wuschel,Olympia,Nougatti,Tabor,5,5
comparison=c6e26c77e46aef8d380d8c47,B,before,non-partner,focal=Wuschel|conspecific=Nougatti|stage=before|session=5,focal=Olympia|conspecific=Tabor|stage=before|session=6,Wuschel,Olympia,Nougatti,Tabor,5,6
comparison=61e35308ec33f3b330cdd81b,B,before,partner,focal=Wuschel|conspecific=Olympia|stage=before|session=1,focal=Olympia|conspecific=Wuschel|stage=before|session=3,Wuschel,Olympia,Olympia,Wuschel,1,3
comparison=4b66f338e3c9f70823bdd88d,B,before,partner,focal=Wuschel|conspecific=Olympia|stage=before|session=1,focal=Olympia|conspecific=Wuschel|stage=before|session=4,Wuschel,Olympia,Olympia,Wuschel,1,4
comparison=57d67be9df339442ca2ad5e5,B,before,partner,focal=Wuschel|conspecific=Olympia|stage=before|session=1,focal=Olympia|conspecific=Wuschel|stage=before|session=5,Wuschel,Olympia,Olympia,Wuschel,1,5
comparison=753787d4fecc1652778d3d47,B,before,partner,focal=Wuschel|conspecific=Olympia|stage=before|session=1,focal=Olympia|conspecific=Wuschel|stage=before|session=6,Wuschel,Olympia,Olympia,Wuschel,1,6
comparison=7d9a36957163414b80744ffa,B,before,partner,focal=Wuschel|conspecific=Olympia|stage=before|session=3,focal=Olympia|conspecific=Wuschel|stage=before|session=3,Wuschel,Olympia,Olympia,Wuschel,3,3
comparison=d5b3d1642c9140da7ee4d729,B,before,partner,focal=Wuschel|conspecific=Olympia|stage=before|session=3,focal=Olympia|conspecific=Wuschel|stage=before|session=4,Wuschel,Olympia,Olympia,Wuschel,3,4
comparison=9f417d382b2b0aff944022ae,B,before,partner,focal=Wuschel|conspecific=Olympia|stage=before|session=3,focal=Olympia|conspecific=Wuschel|stage=before|session=5,Wuschel,Olympia,Olympia,Wuschel,3,5
comparison=8f62529863425b0b84162e39,B,before,partner,focal=Wuschel|conspecific=Olympia|stage=before|session=3,focal=Olympia|conspecific=Wuschel|stage=before|session=6,Wuschel,Olympia,Olympia,Wuschel,3,6
comparison=ec80176edf7b93ecc1920485,B,before,partner,focal=Wuschel|conspecific=Olympia|stage=before|session=4,focal=Olympia|conspecific=Wuschel|stage=before|session=3,Wuschel,Olympia,Olympia,Wuschel,4,3
comparison=66c7577379de1ea78632f36a,B,before,partner,focal=Wuschel|conspecific=Olympia|stage=before|session=4,focal=Olympia|conspecific=Wuschel|stage=before|session=4,Wuschel,Olympia,Olympia,Wuschel,4,4
comparison=f2003f5c36f6591acd30a919,B,before,partner,focal=Wuschel|conspecific=Olympia|stage=before|session=4,focal=Olympia|conspecific=Wuschel|stage=before|session=5,Wuschel,Olympia,Olympia,Wuschel,4,5
comparison=8cc0c916489e83de33566b90,B,before,partner,focal=Wuschel|conspecific=Olympia|stage=before|session=4,focal=Olympia|conspecific=Wuschel|stage=before|session=6,Wuschel,Olympia,Olympia,Wuschel,4,6
comparison=83d127aec587c91d17e2573e,B,before,partner,focal=Wuschel|conspecific=Olympia|stage=before|session=5,focal=Olympia|conspecific=Wuschel|stage=before|session=3,Wuschel,Olympia,Olympia,Wuschel,5,3
comparison=2c5970c962a0cfa16791f54c,B,before,partner,focal=Wuschel|conspecific=Olympia|stage=before|session=5,focal=Olympia|conspecific=Wuschel|stage=before|session=4,Wuschel,Olympia,Olympia,Wuschel,5,4
comparison=85d749bd25a1297394626be3,B,before,partner,focal=Wuschel|conspecific=Olympia|stage=before|session=5,focal=Olympia|conspecific=Wuschel|stage=before|session=5,Wuschel,Olympia,Olympia,Wuschel,5,5
comparison=f1d382077b7b67e079eb9288,B,before,partner,focal=Wuschel|conspecific=Olympia|stage=before|session=5,focal=Olympia|conspecific=Wuschel|stage=before|session=6,Wuschel,Olympia,Olympia,Wuschel,5,6
comparison=df1e4a565a70cdd5a1209a39,B,before,partner,focal=Wuschel|conspecific=Olympia|stage=before|session=6,focal=Olympia|conspecific=Wuschel|stage=before|session=3,Wuschel,Olympia,Olympia,Wuschel,6,3
comparison=5ac8cf2007222ffa31066f44,B,before,partner,focal=Wuschel|conspecific=Olympia|stage=before|session=6,focal=Olympia|conspecific=Wuschel|stage=before|session=4,Wuschel,Olympia,Olympia,Wuschel,6,4
comparison=7988bb66c3385413aca31377,B,before,partner,focal=Wuschel|conspecific=Olympia|stage=before|session=6,focal=Olympia|conspecific=Wuschel|stage=before|session=5,Wuschel,Olympia,Olympia,Wuschel,6,5
comparison=783278572e91174ebc6362c5,B,before,partner,focal=Wuschel|conspecific=Olympia|stage=before|session=6,focal=Olympia|conspecific=Wuschel|stage=before|session=6,Wuschel,Olympia,Olympia,Wuschel,6,6
comparison=c12e4ff85f2503856ef25151,C,after,non-partner,focal=Odin|conspecific=Lola|stage=after|session=2,focal=Nougatti|conspecific=Tabor|stage=after|session=2,Odin,Nougatti,Lola,Tabor,2,2
comparison=3e0490818159d80316142a3b,C,after,non-partner,focal=Odin|conspecific=Lola|stage=after|session=2,focal=Nougatti|conspecific=Tabor|stage=after|session=3,Odin,Nougatti,Lola,Tabor,2,3
comparison=8641151550a6d0214780d112,C,after,non-partner,focal=Odin|conspecific=Lola|stage=after|session=2,focal=Nougatti|conspecific=Tabor|stage=after|session=5,Odin,Nougatti,Lola,Tabor,2,5
comparison=30f0cb362d9ba00da046bc4d,C,after,non-partner,focal=Odin|conspecific=Lola|stage=after|session=2,focal=Nougatti|conspecific=Tabor|stage=after|session=6,Odin,Nougatti,Lola,Tabor,2,6
comparison=39c87e37e9e44bbd14a4c21b,C,after,non-partner,focal=Odin|conspecific=Lola|stage=after|session=2,focal=Nougatti|conspecific=Wuschel|stage=after|session=3,Odin,Nougatti,Lola,Wuschel,2,3
comparison=cb35e130b3c840b6809c0947,C,after,non-partner,focal=Odin|conspecific=Lola|stage=after|session=2,focal=Nougatti|conspecific=Wuschel|stage=after|session=4,Odin,Nougatti,Lola,Wuschel,2,4
comparison=b1aa0d4983b6ccfc1caceaa1,C,after,non-partner,focal=Odin|conspecific=Lola|stage=after|session=2,focal=Nougatti|conspecific=Wuschel|stage=after|session=5,Odin,Nougatti,Lola,Wuschel,2,5
comparison=331bfaf06720d51ef6b9f462,C,after,non-partner,focal=Odin|conspecific=Lola|stage=after|session=2,focal=Nougatti|conspecific=Wuschel|stage=after|session=6,Odin,Nougatti,Lola,Wuschel,2,6
comparison=93910fdd9b02c5b2c352bc19,C,after,non-partner,focal=Odin|conspecific=Lola|stage=after|session=3,focal=Nougatti|conspecific=Tabor|stage=after|session=2,Odin,Nougatti,Lola,Tabor,3,2
comparison=1a58718c23e246edc5eadd1a,C,after,non-partner,focal=Odin|conspecific=Lola|stage=after|session=3,focal=Nougatti|conspecific=Tabor|stage=after|session=3,Odin,Nougatti,Lola,Tabor,3,3
comparison=74acccd9e682bb76416c6d6f,C,after,non-partner,focal=Odin|conspecific=Lola|stage=after|session=3,focal=Nougatti|conspecific=Tabor|stage=after|session=5,Odin,Nougatti,Lola,Tabor,3,5
comparison=ef39fa72c64911da2c31c66f,C,after,non-partner,focal=Odin|conspecific=Lola|stage=after|session=3,focal=Nougatti|conspecific=Tabor|stage=after|session=6,Odin,Nougatti,Lola,Tabor,3,6
comparison=60ea2e0f97b6428c954630e1,C,after,non-partner,focal=Odin|conspecific=Lola|stage=after|session=3,focal=Nougatti|conspecific=Wuschel|stage=after|session=3,Odin,Nougatti,Lola,Wuschel,3,3
comparison=f60b1b897bcf02241ffef448,C,after,non-partner,focal=Odin|conspecific=Lola|stage=after|session=3,focal=Nougatti|conspecific=Wuschel|stage=after|session=4,Odin,Nougatti,Lola,Wuschel,3,4
comparison=09fc7f79e4ef30fe96e57b9b,C,after,non-partner,focal=Odin|conspecific=Lola|stage=after|session=3,focal=Nougatti|conspecific=Wuschel|stage=after|session=5,Odin,Nougatti,Lola,Wuschel,3,5
comparison=f19c9f470d957ee7f32ef526,C,after,non-partner,focal=Odin|conspecific=Lola|stage=after|session=3,focal=Nougatti|conspecific=Wuschel|stage=after|session=6,Odin,Nougatti,Lola,Wuschel,3,6
comparison=8df330aea6bd9282c35509b2,C,after,non-partner,focal=Odin|conspecific=Lola|stage=after|session=4,focal=Nougatti|conspecific=Tabor|stage=after|session=2,Odin,Nougatti,Lola,Tabor,4,2
comparison=0314f09073cd44b74e322895,C,after,non-partner,focal=Odin|conspecific=Lola|stage=after|session=4,focal=Nougatti|conspecific=Tabor|stage=after|session=3,Odin,Nougatti,Lola,Tabor,4,3
comparison=2b11f86558ce00ada0dd648e,C,after,non-partner,focal=Odin|conspecific=Lola|stage=after|session=4,focal=Nougatti|conspecific=Tabor|stage=after|session=5,Odin,Nougatti,Lola,Tabor,4,5
comparison=b91cf7632136629baf96136e,C,after,non-partner,focal=Odin|conspecific=Lola|stage=after|session=4,focal=Nougatti|conspecific=Tabor|stage=after|session=6,Odin,Nougatti,Lola,Tabor,4,6
comparison=d6f057a0ae496d0e196f190e,C,after,non-partner,focal=Odin|conspecific=Lola|stage=after|session=4,focal=Nougatti|conspecific=Wuschel|stage=after|session=3,Odin,Nougatti,Lola,Wuschel,4,3
comparison=36e9d7aae910bb7d619824cc,C,after,non-partner,focal=Odin|conspecific=Lola|stage=after|session=4,focal=Nougatti|conspecific=Wuschel|stage=after|session=4,Odin,Nougatti,Lola,Wuschel,4,4
comparison=039c81fb3041bb2d276f07e2,C,after,non-partner,focal=Odin|conspecific=Lola|stage=after|session=4,focal=Nougatti|conspecific=Wuschel|stage=after|session=5,Odin,Nougatti,Lola,Wuschel,4,5
comparison=941ac3c71d26be2e26897df5,C,after,non-partner,focal=Odin|conspecific=Lola|stage=after|session=4,focal=Nougatti|conspecific=Wuschel|stage=after|session=6,Odin,Nougatti,Lola,Wuschel,4,6
comparison=e92cf873b7dfaa46474dc796,C,after,non-partner,focal=Odin|conspecific=Lola|stage=after|session=5,focal=Nougatti|conspecific=Tabor|stage=after|session=2,Odin,Nougatti,Lola,Tabor,5,2
comparison=4fd433011e770f6c8b2b70fc,C,after,non-partner,focal=Odin|conspecific=Lola|stage=after|session=5,focal=Nougatti|conspecific=Tabor|stage=after|session=3,Odin,Nougatti,Lola,Tabor,5,3
comparison=7d60e01e1334d3d751818a03,C,after,non-partner,focal=Odin|conspecific=Lola|stage=after|session=5,focal=Nougatti|conspecific=Tabor|stage=after|session=5,Odin,Nougatti,Lola,Tabor,5,5
comparison=bf5b39c7db152edfac0add5b,C,after,non-partner,focal=Odin|conspecific=Lola|stage=after|session=5,focal=Nougatti|conspecific=Tabor|stage=after|session=6,Odin,Nougatti,Lola,Tabor,5,6
comparison=96dec67096e68d375ecde2ee,C,after,non-partner,focal=Odin|conspecific=Lola|stage=after|session=5,focal=Nougatti|conspecific=Wuschel|stage=after|session=3,Odin,Nougatti,Lola,Wuschel,5,3
comparison=04bf654da49dfc57aa7a4890,C,after,non-partner,focal=Odin|conspecific=Lola|stage=after|session=5,focal=Nougatti|conspecific=Wuschel|stage=after|session=4,Odin,Nougatti,Lola,Wuschel,5,4
comparison=08b54e53377c52d74efeecb9,C,after,non-partner,focal=Odin|conspecific=Lola|stage=after|session=5,focal=Nougatti|conspecific=Wuschel|stage=after|session=5,Odin,Nougatti,Lola,Wuschel,5,5
comparison=86131dc1705ee526ed02de2f,C,after,non-partner,focal=Odin|conspecific=Lola|stage=after|session=5,focal=Nougatti|conspecific=Wuschel|stage=after|session=6,Odin,Nougatti,Lola,Wuschel,5,6
comparison=57b5f97c7c4b409c7c8748d8,C,after,non-partner,focal=Odin|conspecific=Lola|stage=after|session=6,focal=Nougatti|conspecific=Tabor|stage=after|session=2,Odin,Nougatti,Lola,Tabor,6,2
comparison=71bb867423c775e9434e0f18,C,after,non-partner,focal=Odin|conspecific=Lola|stage=after|session=6,focal=Nougatti|conspecific=Tabor|stage=after|session=3,Odin,Nougatti,Lola,Tabor,6,3
comparison=f8085dd20ffccf1100235b50,C,after,non-partner,focal=Odin|conspecific=Lola|stage=after|session=6,focal=Nougatti|conspecific=Tabor|stage=after|session=5,Odin,Nougatti,Lola,Tabor,6,5
comparison=f26efa7f9adcb1fff17ae71b,C,after,non-partner,focal=Odin|conspecific=Lola|stage=after|session=6,focal=Nougatti|conspecific=Tabor|stage=after|session=6,Odin,Nougatti,Lola,Tabor,6,6
comparison=9df63e70ae88293624ffad3b,C,after,non-partner,focal=Odin|conspecific=Lola|stage=after|session=6,focal=Nougatti|conspecific=Wuschel|stage=after|session=3,Odin,Nougatti,Lola,Wuschel,6,3
comparison=aaa0fc3adf6d1532846a2dae,C,after,non-partner,focal=Odin|conspecific=Lola|stage=after|session=6,focal=Nougatti|conspecific=Wuschel|stage=after|session=4,Odin,Nougatti,Lola,Wuschel,6,4
comparison=5410d6e16126ff53872cd93e,C,after,non-partner,focal=Odin|conspecific=Lola|stage=after|session=6,focal=Nougatti|conspecific=Wuschel|stage=after|session=5,Odin,Nougatti,Lola,Wuschel,6,5
comparison=4587e9e3069afcc64f24043c,C,after,non-partner,focal=Odin|conspecific=Lola|stage=after|session=6,focal=Nougatti|conspecific=Wuschel|stage=after|session=6,Odin,Nougatti,Lola,Wuschel,6,6
comparison=819836393d7a4c70d29f7bbf,C,after,non-partner,focal=Odin|conspecific=Olympia|stage=after|session=1,focal=Nougatti|conspecific=Tabor|stage=after|session=2,Odin,Nougatti,Olympia,Tabor,1,2
comparison=28edaedfe5703086e9a30a3c,C,after,non-partner,focal=Odin|conspecific=Olympia|stage=after|session=1,focal=Nougatti|conspecific=Tabor|stage=after|session=3,Odin,Nougatti,Olympia,Tabor,1,3
comparison=391ff2fae3b290149dbb1776,C,after,non-partner,focal=Odin|conspecific=Olympia|stage=after|session=1,focal=Nougatti|conspecific=Tabor|stage=after|session=5,Odin,Nougatti,Olympia,Tabor,1,5
comparison=76215cd18d30b0072ba5a470,C,after,non-partner,focal=Odin|conspecific=Olympia|stage=after|session=1,focal=Nougatti|conspecific=Tabor|stage=after|session=6,Odin,Nougatti,Olympia,Tabor,1,6
comparison=7fc724d39a5635f42745f4ba,C,after,non-partner,focal=Odin|conspecific=Olympia|stage=after|session=1,focal=Nougatti|conspecific=Wuschel|stage=after|session=3,Odin,Nougatti,Olympia,Wuschel,1,3
comparison=3d90bfdeb77382a1a7a581d2,C,after,non-partner,focal=Odin|conspecific=Olympia|stage=after|session=1,focal=Nougatti|conspecific=Wuschel|stage=after|session=4,Odin,Nougatti,Olympia,Wuschel,1,4
comparison=843bb566593568c6d72e91e7,C,after,non-partner,focal=Odin|conspecific=Olympia|stage=after|session=1,focal=Nougatti|conspecific=Wuschel|stage=after|session=5,Odin,Nougatti,Olympia,Wuschel,1,5
comparison=5cac49b0c62234ea7829f66a,C,after,non-partner,focal=Odin|conspecific=Olympia|stage=after|session=1,focal=Nougatti|conspecific=Wuschel|stage=after|session=6,Odin,Nougatti,Olympia,Wuschel,1,6
comparison=d296444d733668920442a4f0,C,after,non-partner,focal=Odin|conspecific=Olympia|stage=after|session=3,focal=Nougatti|conspecific=Tabor|stage=after|session=2,Odin,Nougatti,Olympia,Tabor,3,2
comparison=b18054603f689e7840fc4829,C,after,non-partner,focal=Odin|conspecific=Olympia|stage=after|session=3,focal=Nougatti|conspecific=Tabor|stage=after|session=3,Odin,Nougatti,Olympia,Tabor,3,3
comparison=c1d3610a71e211c98d59e9a2,C,after,non-partner,focal=Odin|conspecific=Olympia|stage=after|session=3,focal=Nougatti|conspecific=Tabor|stage=after|session=5,Odin,Nougatti,Olympia,Tabor,3,5
comparison=ac74f357de9bc083f6c7f583,C,after,non-partner,focal=Odin|conspecific=Olympia|stage=after|session=3,focal=Nougatti|conspecific=Tabor|stage=after|session=6,Odin,Nougatti,Olympia,Tabor,3,6
comparison=551d29d1f104e5193e747f2a,C,after,non-partner,focal=Odin|conspecific=Olympia|stage=after|session=3,focal=Nougatti|conspecific=Wuschel|stage=after|session=3,Odin,Nougatti,Olympia,Wuschel,3,3
comparison=9cc685365e101d3515d65eeb,C,after,non-partner,focal=Odin|conspecific=Olympia|stage=after|session=3,focal=Nougatti|conspecific=Wuschel|stage=after|session=4,Odin,Nougatti,Olympia,Wuschel,3,4
comparison=0d9949a4b4d663b295676ef8,C,after,non-partner,focal=Odin|conspecific=Olympia|stage=after|session=3,focal=Nougatti|conspecific=Wuschel|stage=after|session=5,Odin,Nougatti,Olympia,Wuschel,3,5
comparison=ebaea146d528e74f247dc2ef,C,after,non-partner,focal=Odin|conspecific=Olympia|stage=after|session=3,focal=Nougatti|conspecific=Wuschel|stage=after|session=6,Odin,Nougatti,Olympia,Wuschel,3,6
comparison=16377e830add9c0abc0f56be,C,after,non-partner,focal=Odin|conspecific=Olympia|stage=after|session=4,focal=Nougatti|conspecific=Tabor|stage=after|session=2,Odin,Nougatti,Olympia,Tabor,4,2
comparison=2c0c8f5a05deab47ed10a84b,C,after,non-partner,focal=Odin|conspecific=Olympia|stage=after|session=4,focal=Nougatti|conspecific=Tabor|stage=after|session=3,Odin,Nougatti,Olympia,Tabor,4,3
comparison=5ee0dd5c1f06feaf147eef32,C,after,non-partner,focal=Odin|conspecific=Olympia|stage=after|session=4,focal=Nougatti|conspecific=Tabor|stage=after|session=5,Odin,Nougatti,Olympia,Tabor,4,5
comparison=265c02e15e5ef18de4f06e07,C,after,non-partner,focal=Odin|conspecific=Olympia|stage=after|session=4,focal=Nougatti|conspecific=Tabor|stage=after|session=6,Odin,Nougatti,Olympia,Tabor,4,6
comparison=02966dcd532c051c0570e2a6,C,after,non-partner,focal=Odin|conspecific=Olympia|stage=after|session=4,focal=Nougatti|conspecific=Wuschel|stage=after|session=3,Odin,Nougatti,Olympia,Wuschel,4,3
comparison=260748003e3029ab915375c2,C,after,non-partner,focal=Odin|conspecific=Olympia|stage=after|session=4,focal=Nougatti|conspecific=Wuschel|stage=after|session=4,Odin,Nougatti,Olympia,Wuschel,4,4
comparison=9a534cbd8957de60493db78a,C,after,non-partner,focal=Odin|conspecific=Olympia|stage=after|session=4,focal=Nougatti|conspecific=Wuschel|stage=after|session=5,Odin,Nougatti,Olympia,Wuschel,4,5
comparison=e42f1fea20832a7980ceaa03,C,after,non-partner,focal=Odin|conspecific=Olympia|stage=after|session=4,focal=Nougatti|conspecific=Wuschel|stage=after|session=6,Odin,Nougatti,Olympia,Wuschel,4,6
comparison=5d69a366016ace25bf3a75e5,C,after,non-partner,focal=Odin|conspecific=Olympia|stage=after|session=5,focal=Nougatti|conspecific=Tabor|stage=after|session=2,Odin,Nougatti,Olympia,Tabor,5,2
comparison=c401cb351e595fad149d297b,C,after,non-partner,focal=Odin|conspecific=Olympia|stage=after|session=5,focal=Nougatti|conspecific=Tabor|stage=after|session=3,Odin,Nougatti,Olympia,Tabor,5,3
comparison=d23fd07fbba8ab2088fecde7,C,after,non-partner,focal=Odin|conspecific=Olympia|stage=after|session=5,focal=Nougatti|conspecific=Tabor|stage=after|session=5,Odin,Nougatti,Olympia,Tabor,5,5
comparison=3d379b805764a290f1cd5879,C,after,non-partner,focal=Odin|conspecific=Olympia|stage=after|session=5,focal=Nougatti|conspecific=Tabor|stage=after|session=6,Odin,Nougatti,Olympia,Tabor,5,6
comparison=58b3390be6bf13eba5c5ad45,C,after,non-partner,focal=Odin|conspecific=Olympia|stage=after|session=5,focal=Nougatti|conspecific=Wuschel|stage=after|session=3,Odin,Nougatti,Olympia,Wuschel,5,3
comparison=46a8fcd70ae83fb334978553,C,after,non-partner,focal=Odin|conspecific=Olympia|stage=after|session=5,focal=Nougatti|conspecific=Wuschel|stage=after|session=4,Odin,Nougatti,Olympia,Wuschel,5,4
comparison=93e99a8d14a59efafeb4e19f,C,after,non-partner,focal=Odin|conspecific=Olympia|stage=after|session=5,focal=Nougatti|conspecific=Wuschel|stage=after|session=5,Odin,Nougatti,Olympia,Wuschel,5,5
comparison=4e503755460c1ba6312a5acd,C,after,non-partner,focal=Odin|conspecific=Olympia|stage=after|session=5,focal=Nougatti|conspecific=Wuschel|stage=after|session=6,Odin,Nougatti,Olympia,Wuschel,5,6
comparison=d426cf4489133dbebe80aca5,C,before,non-partner,focal=Odin|conspecific=Lola|stage=before|session=1,focal=Nougatti|conspecific=Tabor|stage=before|session=1,Odin,Nougatti,Lola,Tabor,1,1
comparison=59557128afd820a518e4e546,C,before,non-partner,focal=Odin|conspecific=Lola|stage=before|session=1,focal=Nougatti|conspecific=Tabor|stage=before|session=3,Odin,Nougatti,Lola,Tabor,1,3
comparison=74149188caeda0e9d352fe37,C,before,non-partner,focal=Odin|conspecific=Lola|stage=before|session=1,focal=Nougatti|conspecific=Tabor|stage=before|session=4,Odin,Nougatti,Lola,Tabor,1,4
comparison=789a4d23712478b05d544d25,C,before,non-partner,focal=Odin|conspecific=Lola|stage=before|session=1,focal=Nougatti|conspecific=Tabor|stage=before|session=5,Odin,Nougatti,Lola,Tabor,1,5
comparison=928730d3c0f16be512267915,C,before,non-partner,focal=Odin|conspecific=Lola|stage=before|session=1,focal=Nougatti|conspecific=Tabor|stage=before|session=6,Odin,Nougatti,Lola,Tabor,1,6
comparison=9ec382ffcdd89b0f8e83710f,C,before,non-partner,focal=Odin|conspecific=Lola|stage=before|session=1,focal=Nougatti|conspecific=Wuschel|stage=before|session=1,Odin,Nougatti,Lola,Wuschel,1,1
comparison=0da8d8fcece721cbcdb38eb4,C,before,non-partner,focal=Odin|conspecific=Lola|stage=before|session=1,focal=Nougatti|conspecific=Wuschel|stage=before|session=2,Odin,Nougatti,Lola,Wuschel,1,2
comparison=b238c0f00eb39273d777b51c,C,before,non-partner,focal=Odin|conspecific=Lola|stage=before|session=1,focal=Nougatti|conspecific=Wuschel|stage=before|session=3,Odin,Nougatti,Lola,Wuschel,1,3
comparison=7b9145774c813cac365a86cc,C,before,non-partner,focal=Odin|conspecific=Lola|stage=before|session=1,focal=Nougatti|conspecific=Wuschel|stage=before|session=4,Odin,Nougatti,Lola,Wuschel,1,4
comparison=234dda1df902f5f500787fac,C,before,non-partner,focal=Odin|conspecific=Lola|stage=before|session=1,focal=Nougatti|conspecific=Wuschel|stage=before|session=5,Odin,Nougatti,Lola,Wuschel,1,5
comparison=284721764f10ac325efb9316,C,before,non-partner,focal=Odin|conspecific=Lola|stage=before|session=3,focal=Nougatti|conspecific=Tabor|stage=before|session=1,Odin,Nougatti,Lola,Tabor,3,1
comparison=8d45703a260b5f48561b8d32,C,before,non-partner,focal=Odin|conspecific=Lola|stage=before|session=3,focal=Nougatti|conspecific=Tabor|stage=before|session=3,Odin,Nougatti,Lola,Tabor,3,3
comparison=abe6aced53c0ad9d3c0fe714,C,before,non-partner,focal=Odin|conspecific=Lola|stage=before|session=3,focal=Nougatti|conspecific=Tabor|stage=before|session=4,Odin,Nougatti,Lola,Tabor,3,4
comparison=8f81f367ee7c9e7df39f732b,C,before,non-partner,focal=Odin|conspecific=Lola|stage=before|session=3,focal=Nougatti|conspecific=Tabor|stage=before|session=5,Odin,Nougatti,Lola,Tabor,3,5
comparison=b6b6028ec0934d03e86d7841,C,before,non-partner,focal=Odin|conspecific=Lola|stage=before|session=3,focal=Nougatti|conspecific=Tabor|stage=before|session=6,Odin,Nougatti,Lola,Tabor,3,6
comparison=de5547946f2c4900ec75edb4,C,before,non-partner,focal=Odin|conspecific=Lola|stage=before|session=3,focal=Nougatti|conspecific=Wuschel|stage=before|session=1,Odin,Nougatti,Lola,Wuschel,3,1
comparison=24117c6c97366ab82bba7cdb,C,before,non-partner,focal=Odin|conspecific=Lola|stage=before|session=3,focal=Nougatti|conspecific=Wuschel|stage=before|session=2,Odin,Nougatti,Lola,Wuschel,3,2
comparison=57acb28ec5e729862bb74750,C,before,non-partner,focal=Odin|conspecific=Lola|stage=before|session=3,focal=Nougatti|conspecific=Wuschel|stage=before|session=3,Odin,Nougatti,Lola,Wuschel,3,3
comparison=e1b47ae840d089e7834587ad,C,before,non-partner,focal=Odin|conspecific=Lola|stage=before|session=3,focal=Nougatti|conspecific=Wuschel|stage=before|session=4,Odin,Nougatti,Lola,Wuschel,3,4
comparison=3289f2434dd6bd5f60b39019,C,before,non-partner,focal=Odin|conspecific=Lola|stage=before|session=3,focal=Nougatti|conspecific=Wuschel|stage=before|session=5,Odin,Nougatti,Lola,Wuschel,3,5
comparison=3a7b6eb7f3958be27232a652,C,before,non-partner,focal=Odin|conspecific=Lola|stage=before|session=4,focal=Nougatti|conspecific=Tabor|stage=before|session=1,Odin,Nougatti,Lola,Tabor,4,1
comparison=7174d01b1751e6ef07e9ded5,C,before,non-partner,focal=Odin|conspecific=Lola|stage=before|session=4,focal=Nougatti|conspecific=Tabor|stage=before|session=3,Odin,Nougatti,Lola,Tabor,4,3
comparison=b4749b0ff4fc6b91162e84e1,C,before,non-partner,focal=Odin|conspecific=Lola|stage=before|session=4,focal=Nougatti|conspecific=Tabor|stage=before|session=4,Odin,Nougatti,Lola,Tabor,4,4
comparison=f92b050a9fe8dda224304c33,C,before,non-partner,focal=Odin|conspecific=Lola|stage=before|session=4,focal=Nougatti|conspecific=Tabor|stage=before|session=5,Odin,Nougatti,Lola,Tabor,4,5
comparison=daa4318f41e498972e76d391,C,before,non-partner,focal=Odin|conspecific=Lola|stage=before|session=4,focal=Nougatti|conspecific=Tabor|stage=before|session=6,Odin,Nougatti,Lola,Tabor,4,6
comparison=a9f44f7090800363d47c9791,C,before,non-partner,focal=Odin|conspecific=Lola|stage=before|session=4,focal=Nougatti|conspecific=Wuschel|stage=before|session=1,Odin,Nougatti,Lola,Wuschel,4,1
comparison=f1b583379d8a1fc3394aca83,C,before,non-partner,focal=Odin|conspecific=Lola|stage=before|session=4,focal=Nougatti|conspecific=Wuschel|stage=before|session=2,Odin,Nougatti,Lola,Wuschel,4,2
comparison=be3f455cb4d789cb48f8985f,C,before,non-partner,focal=Odin|conspecific=Lola|stage=before|session=4,focal=Nougatti|conspecific=Wuschel|stage=before|session=3,Odin,Nougatti,Lola,Wuschel,4,3
comparison=81fc093e4c3f2c388f637f88,C,before,non-partner,focal=Odin|conspecific=Lola|stage=before|session=4,focal=Nougatti|conspecific=Wuschel|stage=before|session=4,Odin,Nougatti,Lola,Wuschel,4,4
comparison=bc6aa0f03b18eef66cf18fce,C,before,non-partner,focal=Odin|conspecific=Lola|stage=before|session=4,focal=Nougatti|conspecific=Wuschel|stage=before|session=5,Odin,Nougatti,Lola,Wuschel,4,5
comparison=32da417c348656ab2018506a,C,before,non-partner,focal=Odin|conspecific=Lola|stage=before|session=5,focal=Nougatti|conspecific=Tabor|stage=before|session=1,Odin,Nougatti,Lola,Tabor,5,1
comparison=170dbc4c9622026d355433f1,C,before,non-partner,focal=Odin|conspecific=Lola|stage=before|session=5,focal=Nougatti|conspecific=Tabor|stage=before|session=3,Odin,Nougatti,Lola,Tabor,5,3
comparison=8ab9215ccd5624c7e15ff7a2,C,before,non-partner,focal=Odin|conspecific=Lola|stage=before|session=5,focal=Nougatti|conspecific=Tabor|stage=before|session=4,Odin,Nougatti,Lola,Tabor,5,4
comparison=a9f6f91632895517cd2caf0e,C,before,non-partner,focal=Odin|conspecific=Lola|stage=before|session=5,focal=Nougatti|conspecific=Tabor|stage=before|session=5,Odin,Nougatti,Lola,Tabor,5,5
comparison=1002d04ee782e154cdd7f215,C,before,non-partner,focal=Odin|conspecific=Lola|stage=before|session=5,focal=Nougatti|conspecific=Tabor|stage=before|session=6,Odin,Nougatti,Lola,Tabor,5,6
comparison=0c32aafdb484a55c276b4519,C,before,non-partner,focal=Odin|conspecific=Lola|stage=before|session=5,focal=Nougatti|conspecific=Wuschel|stage=before|session=1,Odin,Nougatti,Lola,Wuschel,5,1
comparison=0590cad207bfce9d6b47a0ef,C,before,non-partner,focal=Odin|conspecific=Lola|stage=before|session=5,focal=Nougatti|conspecific=Wuschel|stage=before|session=2,Odin,Nougatti,Lola,Wuschel,5,2
comparison=53af663cc44fbe5c56e2d249,C,before,non-partner,focal=Odin|conspecific=Lola|stage=before|session=5,focal=Nougatti|conspecific=Wuschel|stage=before|session=3,Odin,Nougatti,Lola,Wuschel,5,3
comparison=ec09a3d7da3e5fb8b872bc03,C,before,non-partner,focal=Odin|conspecific=Lola|stage=before|session=5,focal=Nougatti|conspecific=Wuschel|stage=before|session=4,Odin,Nougatti,Lola,Wuschel,5,4
comparison=e94c1057021f1ae1c3ed09f7,C,before,non-partner,focal=Odin|conspecific=Lola|stage=before|session=5,focal=Nougatti|conspecific=Wuschel|stage=before|session=5,Odin,Nougatti,Lola,Wuschel,5,5
comparison=1562bbfb88faea82fdc2750f,C,before,non-partner,focal=Odin|conspecific=Lola|stage=before|session=6,focal=Nougatti|conspecific=Tabor|stage=before|session=1,Odin,Nougatti,Lola,Tabor,6,1
comparison=78cc7a6a92a9da3f8c657cf9,C,before,non-partner,focal=Odin|conspecific=Lola|stage=before|session=6,focal=Nougatti|conspecific=Tabor|stage=before|session=3,Odin,Nougatti,Lola,Tabor,6,3
comparison=4567a07c4f77de7cb5ff3975,C,before,non-partner,focal=Odin|conspecific=Lola|stage=before|session=6,focal=Nougatti|conspecific=Tabor|stage=before|session=4,Odin,Nougatti,Lola,Tabor,6,4
comparison=32d32f0f865fbf21a7b8fc83,C,before,non-partner,focal=Odin|conspecific=Lola|stage=before|session=6,focal=Nougatti|conspecific=Tabor|stage=before|session=5,Odin,Nougatti,Lola,Tabor,6,5
comparison=43e15c3e84d9dfefaa89f746,C,before,non-partner,focal=Odin|conspecific=Lola|stage=before|session=6,focal=Nougatti|conspecific=Tabor|stage=before|session=6,Odin,Nougatti,Lola,Tabor,6,6
comparison=33dde7855efb262a5957d2ee,C,before,non-partner,focal=Odin|conspecific=Lola|stage=before|session=6,focal=Nougatti|conspecific=Wuschel|stage=before|session=1,Odin,Nougatti,Lola,Wuschel,6,1
comparison=fc68b03fcce89082f890a269,C,before,non-partner,focal=Odin|conspecific=Lola|stage=before|session=6,focal=Nougatti|conspecific=Wuschel|stage=before|session=2,Odin,Nougatti,Lola,Wuschel,6,2
comparison=e9888e16ec6d7727a248ee52,C,before,non-partner,focal=Odin|conspecific=Lola|stage=before|session=6,focal=Nougatti|conspecific=Wuschel|stage=before|session=3,Odin,Nougatti,Lola,Wuschel,6,3
comparison=74dec9a81d31ba59798255f9,C,before,non-partner,focal=Odin|conspecific=Lola|stage=before|session=6,focal=Nougatti|conspecific=Wuschel|stage=before|session=4,Odin,Nougatti,Lola,Wuschel,6,4
comparison=c3003c970d3945d81d0a1855,C,before,non-partner,focal=Odin|conspecific=Lola|stage=before|session=6,focal=Nougatti|conspecific=Wuschel|stage=before|session=5,Odin,Nougatti,Lola,Wuschel,6,5
comparison=97de8855b0df7262818fc029,C,before,non-partner,focal=Odin|conspecific=Olympia|stage=before|session=1,focal=Nougatti|conspecific=Tabor|stage=before|session=1,Odin,Nougatti,Olympia,Tabor,1,1
comparison=c679313fbff39b16213f703d,C,before,non-partner,focal=Odin|conspecific=Olympia|stage=before|session=1,focal=Nougatti|conspecific=Tabor|stage=before|session=3,Odin,Nougatti,Olympia,Tabor,1,3
comparison=3824f26e7b78c0d06eb69a0f,C,before,non-partner,focal=Odin|conspecific=Olympia|stage=before|session=1,focal=Nougatti|conspecific=Tabor|stage=before|session=4,Odin,Nougatti,Olympia,Tabor,1,4
comparison=c23ae0b9c3d04f408ca5b48a,C,before,non-partner,focal=Odin|conspecific=Olympia|stage=before|session=1,focal=Nougatti|conspecific=Tabor|stage=before|session=5,Odin,Nougatti,Olympia,Tabor,1,5
comparison=9857b81999a7326c64800ae8,C,before,non-partner,focal=Odin|conspecific=Olympia|stage=before|session=1,focal=Nougatti|conspecific=Tabor|stage=before|session=6,Odin,Nougatti,Olympia,Tabor,1,6
comparison=b5b10baabd90231983c0fd11,C,before,non-partner,focal=Odin|conspecific=Olympia|stage=before|session=1,focal=Nougatti|conspecific=Wuschel|stage=before|session=1,Odin,Nougatti,Olympia,Wuschel,1,1
comparison=5ee972ff05253c9bda59a4d5,C,before,non-partner,focal=Odin|conspecific=Olympia|stage=before|session=1,focal=Nougatti|conspecific=Wuschel|stage=before|session=2,Odin,Nougatti,Olympia,Wuschel,1,2
comparison=4e5c63a79d72cb1f4b8b66dd,C,before,non-partner,focal=Odin|conspecific=Olympia|stage=before|session=1,focal=Nougatti|conspecific=Wuschel|stage=before|session=3,Odin,Nougatti,Olympia,Wuschel,1,3
comparison=79a8771e08138c528ca07c84,C,before,non-partner,focal=Odin|conspecific=Olympia|stage=before|session=1,focal=Nougatti|conspecific=Wuschel|stage=before|session=4,Odin,Nougatti,Olympia,Wuschel,1,4
comparison=b425c5824d809ad692e1fb71,C,before,non-partner,focal=Odin|conspecific=Olympia|stage=before|session=1,focal=Nougatti|conspecific=Wuschel|stage=before|session=5,Odin,Nougatti,Olympia,Wuschel,1,5
comparison=a9978ed3b6e566eacfc0406f,C,before,non-partner,focal=Odin|conspecific=Olympia|stage=before|session=2,focal=Nougatti|conspecific=Tabor|stage=before|session=1,Odin,Nougatti,Olympia,Tabor,2,1
comparison=fcb899a883c795e48893e76c,C,before,non-partner,focal=Odin|conspecific=Olympia|stage=before|session=2,focal=Nougatti|conspecific=Tabor|stage=before|session=3,Odin,Nougatti,Olympia,Tabor,2,3
comparison=d6d2ad016c8c22a620e36ed1,C,before,non-partner,focal=Odin|conspecific=Olympia|stage=before|session=2,focal=Nougatti|conspecific=Tabor|stage=before|session=4,Odin,Nougatti,Olympia,Tabor,2,4
comparison=fdfc30b6b1a041450153e579,C,before,non-partner,focal=Odin|conspecific=Olympia|stage=before|session=2,focal=Nougatti|conspecific=Tabor|stage=before|session=5,Odin,Nougatti,Olympia,Tabor,2,5
comparison=6fd6b71613e85e86224539e6,C,before,non-partner,focal=Odin|conspecific=Olympia|stage=before|session=2,focal=Nougatti|conspecific=Tabor|stage=before|session=6,Odin,Nougatti,Olympia,Tabor,2,6
comparison=a5996e49cfeba97cfa0e0785,C,before,non-partner,focal=Odin|conspecific=Olympia|stage=before|session=2,focal=Nougatti|conspecific=Wuschel|stage=before|session=1,Odin,Nougatti,Olympia,Wuschel,2,1
comparison=3ff59e5c55e0e5dab0bb2b39,C,before,non-partner,focal=Odin|conspecific=Olympia|stage=before|session=2,focal=Nougatti|conspecific=Wuschel|stage=before|session=2,Odin,Nougatti,Olympia,Wuschel,2,2
comparison=46dbd013dd2cb4d7f2c7ff0e,C,before,non-partner,focal=Odin|conspecific=Olympia|stage=before|session=2,focal=Nougatti|conspecific=Wuschel|stage=before|session=3,Odin,Nougatti,Olympia,Wuschel,2,3
comparison=5c9b71736193882b6d1e99f0,C,before,non-partner,focal=Odin|conspecific=Olympia|stage=before|session=2,focal=Nougatti|conspecific=Wuschel|stage=before|session=4,Odin,Nougatti,Olympia,Wuschel,2,4
comparison=03f0a6fc47c067ad8701dab8,C,before,non-partner,focal=Odin|conspecific=Olympia|stage=before|session=2,focal=Nougatti|conspecific=Wuschel|stage=before|session=5,Odin,Nougatti,Olympia,Wuschel,2,5
comparison=e665ec114a53d49665d5fdbe,C,before,non-partner,focal=Odin|conspecific=Olympia|stage=before|session=3,focal=Nougatti|conspecific=Tabor|stage=before|session=1,Odin,Nougatti,Olympia,Tabor,3,1
comparison=f4b3c5dcb4dba86949dd0eb8,C,before,non-partner,focal=Odin|conspecific=Olympia|stage=before|session=3,focal=Nougatti|conspecific=Tabor|stage=before|session=3,Odin,Nougatti,Olympia,Tabor,3,3
comparison=56f005308b0530838d57d5ca,C,before,non-partner,focal=Odin|conspecific=Olympia|stage=before|session=3,focal=Nougatti|conspecific=Tabor|stage=before|session=4,Odin,Nougatti,Olympia,Tabor,3,4
comparison=376542996ed77d6f6126d093,C,before,non-partner,focal=Odin|conspecific=Olympia|stage=before|session=3,focal=Nougatti|conspecific=Tabor|stage=before|session=5,Odin,Nougatti,Olympia,Tabor,3,5
comparison=404f848246d23109c880fb40,C,before,non-partner,focal=Odin|conspecific=Olympia|stage=before|session=3,focal=Nougatti|conspecific=Tabor|stage=before|session=6,Odin,Nougatti,Olympia,Tabor,3,6
comparison=e2d0994350d3256497381c64,C,before,non-partner,focal=Odin|conspecific=Olympia|stage=before|session=3,focal=Nougatti|conspecific=Wuschel|stage=before|session=1,Odin,Nougatti,Olympia,Wuschel,3,1
comparison=7fbbdcc448b63545a3744a6b,C,before,non-partner,focal=Odin|conspecific=Olympia|stage=before|session=3,focal=Nougatti|conspecific=Wuschel|stage=before|session=2,Odin,Nougatti,Olympia,Wuschel,3,2
comparison=e78f43fb3c3c13e709d4dfa1,C,before,non-partner,focal=Odin|conspecific=Olympia|stage=before|session=3,focal=Nougatti|conspecific=Wuschel|stage=before|session=3,Odin,Nougatti,Olympia,Wuschel,3,3
comparison=f6464ba9174af3c1ce47ab67,C,before,non-partner,focal=Odin|conspecific=Olympia|stage=before|session=3,focal=Nougatti|conspecific=Wuschel|stage=before|session=4,Odin,Nougatti,Olympia,Wuschel,3,4
comparison=1587272b140129fa735a46a8,C,before,non-partner,focal=Odin|conspecific=Olympia|stage=before|session=3,focal=Nougatti|conspecific=Wuschel|stage=before|session=5,Odin,Nougatti,Olympia,Wuschel,3,5
comparison=d6c83ef744e4bf3793fd0f07,C,before,non-partner,focal=Odin|conspecific=Olympia|stage=before|session=4,focal=Nougatti|conspecific=Tabor|stage=before|session=1,Odin,Nougatti,Olympia,Tabor,4,1
comparison=0cfaa51a9aae3826468d808d,C,before,non-partner,focal=Odin|conspecific=Olympia|stage=before|session=4,focal=Nougatti|conspecific=Tabor|stage=before|session=3,Odin,Nougatti,Olympia,Tabor,4,3
comparison=edad7d0ac61a50d4ab3d9958,C,before,non-partner,focal=Odin|conspecific=Olympia|stage=before|session=4,focal=Nougatti|conspecific=Tabor|stage=before|session=4,Odin,Nougatti,Olympia,Tabor,4,4
comparison=36dd54498e3c7fb75fe4abf4,C,before,non-partner,focal=Odin|conspecific=Olympia|stage=before|session=4,focal=Nougatti|conspecific=Tabor|stage=before|session=5,Odin,Nougatti,Olympia,Tabor,4,5
comparison=97edb0bd9c1ad9d09e4c5c6c,C,before,non-partner,focal=Odin|conspecific=Olympia|stage=before|session=4,focal=Nougatti|conspecific=Tabor|stage=before|session=6,Odin,Nougatti,Olympia,Tabor,4,6
comparison=1239cd5fb5e4ec51efbe4045,C,before,non-partner,focal=Odin|conspecific=Olympia|stage=before|session=4,focal=Nougatti|conspecific=Wuschel|stage=before|session=1,Odin,Nougatti,Olympia,Wuschel,4,1
comparison=357c2e86156e96e6c9e13f50,C,before,non-partner,focal=Odin|conspecific=Olympia|stage=before|session=4,focal=Nougatti|conspecific=Wuschel|stage=before|session=2,Odin,Nougatti,Olympia,Wuschel,4,2
comparison=4ef05219f8fa21991aa7aefd,C,before,non-partner,focal=Odin|conspecific=Olympia|stage=before|session=4,focal=Nougatti|conspecific=Wuschel|stage=before|session=3,Odin,Nougatti,Olympia,Wuschel,4,3
comparison=ae86a30bf2f8d969673a9e1e,C,before,non-partner,focal=Odin|conspecific=Olympia|stage=before|session=4,focal=Nougatti|conspecific=Wuschel|stage=before|session=4,Odin,Nougatti,Olympia,Wuschel,4,4
comparison=50b774a3afd04d86e678bb12,C,before,non-partner,focal=Odin|conspecific=Olympia|stage=before|session=4,focal=Nougatti|conspecific=Wuschel|stage=before|session=5,Odin,Nougatti,Olympia,Wuschel,4,5
comparison=092f216994d83f801c8993f2,C,before,partner,focal=Odin|conspecific=Nougatti|stage=before|session=1,focal=Nougatti|conspecific=Odin|stage=before|session=1,Odin,Nougatti,Nougatti,Odin,1,1
comparison=cb823ed7a1a79ea69d5e99d7,C,before,partner,focal=Odin|conspecific=Nougatti|stage=before|session=1,focal=Nougatti|conspecific=Odin|stage=before|session=2,Odin,Nougatti,Nougatti,Odin,1,2
comparison=721e2b7b7a4343ad80640320,C,before,partner,focal=Odin|conspecific=Nougatti|stage=before|session=1,focal=Nougatti|conspecific=Odin|stage=before|session=3,Odin,Nougatti,Nougatti,Odin,1,3
comparison=66cffe2665fe76bf710147ef,C,before,partner,focal=Odin|conspecific=Nougatti|stage=before|session=1,focal=Nougatti|conspecific=Odin|stage=before|session=4,Odin,Nougatti,Nougatti,Odin,1,4
comparison=f5a2b0aa34ac93fe832cf81b,C,before,partner,focal=Odin|conspecific=Nougatti|stage=before|session=1,focal=Nougatti|conspecific=Odin|stage=before|session=5,Odin,Nougatti,Nougatti,Odin,1,5
comparison=279c48a76ef4f99f4bb467d0,C,before,partner,focal=Odin|conspecific=Nougatti|stage=before|session=1,focal=Nougatti|conspecific=Odin|stage=before|session=6,Odin,Nougatti,Nougatti,Odin,1,6
comparison=4bc270e7cc5339d1747188fc,C,before,partner,focal=Odin|conspecific=Nougatti|stage=before|session=2,focal=Nougatti|conspecific=Odin|stage=before|session=1,Odin,Nougatti,Nougatti,Odin,2,1
comparison=63e7b0074fce58524a6d8e49,C,before,partner,focal=Odin|conspecific=Nougatti|stage=before|session=2,focal=Nougatti|conspecific=Odin|stage=before|session=2,Odin,Nougatti,Nougatti,Odin,2,2
comparison=eff10f791385d9c6f6b9ae1e,C,before,partner,focal=Odin|conspecific=Nougatti|stage=before|session=2,focal=Nougatti|conspecific=Odin|stage=before|session=3,Odin,Nougatti,Nougatti,Odin,2,3
comparison=461b81d8ad4477b3e5a209eb,C,before,partner,focal=Odin|conspecific=Nougatti|stage=before|session=2,focal=Nougatti|conspecific=Odin|stage=before|session=4,Odin,Nougatti,Nougatti,Odin,2,4
comparison=d8984fef0f546a7d0a1dd8b3,C,before,partner,focal=Odin|conspecific=Nougatti|stage=before|session=2,focal=Nougatti|conspecific=Odin|stage=before|session=5,Odin,Nougatti,Nougatti,Odin,2,5
comparison=10740ff1cfee5e396807908b,C,before,partner,focal=Odin|conspecific=Nougatti|stage=before|session=2,focal=Nougatti|conspecific=Odin|stage=before|session=6,Odin,Nougatti,Nougatti,Odin,2,6
comparison=416c148ada11c8d0a5db9698,C,before,partner,focal=Odin|conspecific=Nougatti|stage=before|session=3,focal=Nougatti|conspecific=Odin|stage=before|session=1,Odin,Nougatti,Nougatti,Odin,3,1
comparison=35d1e0ebb78a0f46f3d992b4,C,before,partner,focal=Odin|conspecific=Nougatti|stage=before|session=3,focal=Nougatti|conspecific=Odin|stage=before|session=2,Odin,Nougatti,Nougatti,Odin,3,2
comparison=9a487f1b5352ee423f0541bc,C,before,partner,focal=Odin|conspecific=Nougatti|stage=before|session=3,focal=Nougatti|conspecific=Odin|stage=before|session=3,Odin,Nougatti,Nougatti,Odin,3,3
comparison=25c5c2bf12ad8b6ed119d6d3,C,before,partner,focal=Odin|conspecific=Nougatti|stage=before|session=3,focal=Nougatti|conspecific=Odin|stage=before|session=4,Odin,Nougatti,Nougatti,Odin,3,4
comparison=a6f04a79109cc0870ea8e1df,C,before,partner,focal=Odin|conspecific=Nougatti|stage=before|session=3,focal=Nougatti|conspecific=Odin|stage=before|session=5,Odin,Nougatti,Nougatti,Odin,3,5
comparison=1798b0629f50b9ce190fc80f,C,before,partner,focal=Odin|conspecific=Nougatti|stage=before|session=3,focal=Nougatti|conspecific=Odin|stage=before|session=6,Odin,Nougatti,Nougatti,Odin,3,6
comparison=bf34cca05121a25d3f40f76f,C,before,partner,focal=Odin|conspecific=Nougatti|stage=before|session=4,focal=Nougatti|conspecific=Odin|stage=before|session=1,Odin,Nougatti,Nougatti,Odin,4,1
comparison=ce545a8d618efc98f80cbc0a,C,before,partner,focal=Odin|conspecific=Nougatti|stage=before|session=4,focal=Nougatti|conspecific=Odin|stage=before|session=2,Odin,Nougatti,Nougatti,Odin,4,2
comparison=6fcfca95a3b1de45f45a063a,C,before,partner,focal=Odin|conspecific=Nougatti|stage=before|session=4,focal=Nougatti|conspecific=Odin|stage=before|session=3,Odin,Nougatti,Nougatti,Odin,4,3
comparison=36d7b17113cd99bd71473a36,C,before,partner,focal=Odin|conspecific=Nougatti|stage=before|session=4,focal=Nougatti|conspecific=Odin|stage=before|session=4,Odin,Nougatti,Nougatti,Odin,4,4
comparison=2fd16c99663910f8b6d868b6,C,before,partner,focal=Odin|conspecific=Nougatti|stage=before|session=4,focal=Nougatti|conspecific=Odin|stage=before|session=5,Odin,Nougatti,Nougatti,Odin,4,5
comparison=cf4b86ce41b0d3c03ea61c15,C,before,partner,focal=Odin|conspecific=Nougatti|stage=before|session=4,focal=Nougatti|conspecific=Odin|stage=before|session=6,Odin,Nougatti,Nougatti,Odin,4,6
comparison=e4667f8db48e34fdc2a21eac,C,before,partner,focal=Odin|conspecific=Nougatti|stage=before|session=5,focal=Nougatti|conspecific=Odin|stage=before|session=1,Odin,Nougatti,Nougatti,Odin,5,1
comparison=37d1bcc40c2dc92e7facca49,C,before,partner,focal=Odin|conspecific=Nougatti|stage=before|session=5,focal=Nougatti|conspecific=Odin|stage=before|session=2,Odin,Nougatti,Nougatti,Odin,5,2
comparison=3624270930468ed9c771ade8,C,before,partner,focal=Odin|conspecific=Nougatti|stage=before|session=5,focal=Nougatti|conspecific=Odin|stage=before|session=3,Odin,Nougatti,Nougatti,Odin,5,3
comparison=3e62c31b2c1c41ac93a3fd6e,C,before,partner,focal=Odin|conspecific=Nougatti|stage=before|session=5,focal=Nougatti|conspecific=Odin|stage=before|session=4,Odin,Nougatti,Nougatti,Odin,5,4
comparison=3ad28355d925e62b1ec298b4,C,before,partner,focal=Odin|conspecific=Nougatti|stage=before|session=5,focal=Nougatti|conspecific=Odin|stage=before|session=5,Odin,Nougatti,Nougatti,Odin,5,5
comparison=860f973da24483d82a1fab82,C,before,partner,focal=Odin|conspecific=Nougatti|stage=before|session=5,focal=Nougatti|conspecific=Odin|stage=before|session=6,Odin,Nougatti,Nougatti,Odin,5,6
comparison=1e237ea2d26e29e31523291b,C,before,partner,focal=Odin|conspecific=Nougatti|stage=before|session=6,focal=Nougatti|conspecific=Odin|stage=before|session=1,Odin,Nougatti,Nougatti,Odin,6,1
comparison=63a3124693360d9e826bc0a3,C,before,partner,focal=Odin|conspecific=Nougatti|stage=before|session=6,focal=Nougatti|conspecific=Odin|stage=before|session=2,Odin,Nougatti,Nougatti,Odin,6,2
comparison=713035afd019533a6eeda166,C,before,partner,focal=Odin|conspecific=Nougatti|stage=before|session=6,focal=Nougatti|conspecific=Odin|stage=before|session=3,Odin,Nougatti,Nougatti,Odin,6,3
comparison=1da6008b3df6902923a2c1fd,C,before,partner,focal=Odin|conspecific=Nougatti|stage=before|session=6,focal=Nougatti|conspecific=Odin|stage=before|session=4,Odin,Nougatti,Nougatti,Odin,6,4
comparison=0b2898332a7b531f878f018e,C,before,partner,focal=Odin|conspecific=Nougatti|stage=before|session=6,focal=Nougatti|conspecific=Odin|stage=before|session=5,Odin,Nougatti,Nougatti,Odin,6,5
comparison=aded84fb6f7a6c5613fa5eb8,C,before,partner,focal=Odin|conspecific=Nougatti|stage=before|session=6,focal=Nougatti|conspecific=Odin|stage=before|session=6,Odin,Nougatti,Nougatti,Odin,6,6
