AA,AK,AP,AR,AS,AT,KA,KK,KP,KR,KS,KT,PA,PK,PP,PR,PS,PT,RA,RK,RP,RR,RS,RT,SA,SK,SP,SR,SS,ST,TA,TK,TP,TR,TS,TT
0.6665926008221309,0.0,0.33329630041106545,0.0,0.0,0.0,0.0,0.0,0.0,0.0,0.0,0.0,0.0,0.0,0.0,0.0,0.0,0.0,0.0,0.0,0.0,0.0,0.0,0.0,0.0,0.0,0.0,0.0,0.0,0.0,0.0,0.0,0.0,0.0,0.0,0.0
0.7626989373061474,0.0,0.10169319164081965,0.0,0.03389773054693988,0.0,0.0,0.0,0.0,0.0,0.0,0.0,0.0,0.0,0.06779546109387977,0.0,0.03389773054693988,0.0,0.0,0.0,0.0,0.0,0.0,0.0,0.0,0.0,0.0,0.0,0.0,0.0,0.0,0.0,0.0,0.0,0.0,0.0
0.6749831254218644,0.0,0.12499687507812306,0.0,0.0,0.0,0.0,0.0,0.0,0.0,0.0,0.0,0.0,0.0,0.17499562510937228,0.0,0.02499937501562461,0.0,0.0,0.0,0.0,0.0,0.0,0.0,0.0,0.0,0.0,0.0,0.0,0.0,0.0,0.0,0.0,0.0,0.0,0.0
0.7691716021844474,0.0,0.07691716021844473,0.0,0.0,0.0,0.0,0.0,0.0,0.0,0.0,0.0,0.0,0.0,0.07691716021844473,0.0,0.07691716021844473,0.0,0.0,0.0,0.0,0.0,0.0,0.0,0.0,0.0,0.0,0.0,0.0,0.0,0.0,0.0,0.0,0.0,0.0,0.0
0.5237970524511322,0.0,0.21428061236637225,0.0,0.023808956929596916,0.0,0.0,0.0,0.0,0.0,0.0,0.0,0.0,0.0,0.19047165543677533,0.0,0.04761791385919383,0.0,0.0,0.0,0.0,0.0,0.0,0.0,0.0,0.0,0.0,0.0,0.0,0.0,0.0,0.0,0.0,0.0,0.0,0.0
0.9564801530368244,0.0,0.04347637059258293,0.0,0.0,0.0,0.0,0.0,0.0,0.0,0.0,0.0,0.0,0.0,0.0,0.0,0.0,0.0,0.0,0.0,0.0,0.0,0.0,0.0,0.0,0.0,0.0,0.0,0.0,0.0,0.0,0.0,0.0,0.0,0.0,0.0
0.8181074447777476,0.0,0.0909008271975275,0.0,0.0,0.0,0.0,0.0,0.0,0.0,0.0,0.0,0.0,0.0,0.0909008271975275,0.0,0.0,0.0,0.0,0.0,0.0,0.0,0.0,0.0,0.0,0.0,0.0,0.0,0.0,0.0,0.0,0.0,0.0,0.0,0.0,0.0
0.4285408185129634,0.0,0.0,0.0,0.0,0.0,0.0,0.0,0.0,0.0,0.0,0.0,0.0,0.0,0.0,0.0,0.0,0.0,0.5713877580172845,0.0,0.0,0.0,0.0,0.0,0.0,0.0,0.0,0.0,0.0,0.0,0.0,0.0,0.0,0.0,0.0,0.0
0.6190181419932383,0.0,0.19046712061330412,0.0,0.0,0.0,0.0,0.0,0.0,0.0,0.0,0.0,0.19046712061330412,0.0,0.0,0.0,0.0,0.0,0.0,0.0,0.0,0.0,0.0,0.0,0.0,0.0,0.0,0.0,0.0,0.0,0.0,0.0,0.0,0.0,0.0,0.0
0.7199856002879943,0.01999960000799984,0.1399972000559989,0.0,0.01999960000799984,0.0,0.0,0.0,0.0,0.0,0.0,0.0,0.01999960000799984,0.0,0.05999880002399952,0.0,0.01999960000799984,0.0,0.0,0.0,0.0,0.0,0.0,0.0,0.0,0.0,0.0,0.0,0.0,0.0,0.0,0.0,0.0,0.0,0.0,0.0
0.5522305637229294,0.0,0.16417665407978985,0.0,0.0,0.0,0.0,0.0,0.0,0.0,0.0,0.0,0.05970060148355994,0.0,0.2089521051924598,0.0,0.014925150370889985,0.0,0.0,0.0,0.0,0.0,0.0,0.0,0.0,0.0,0.0,0.0,0.0,0.0,0.0,0.0,0.0,0.0,0.0,0.0
0.8124492219236297,0.0,0.18748828198237608,0.0,0.0,0.0,0.0,0.0,0.0,0.0,0.0,0.0,0.0,0.0,0.0,0.0,0.0,0.0,0.0,0.0,0.0,0.0,0.0,0.0,0.0,0.0,0.0,0.0,0.0,0.0,0.0,0.0,0.0,0.0,0.0,0.0
0.7017420747004439,0.0,0.1403484149400888,0.0,0.0,0.0,0.0,0.0,0.0,0.0,0.0,0.0,0.0,0.0,0.10526131120506659,0.0,0.05263065560253329,0.0,0.0,0.0,0.0,0.0,0.0,0.0,0.0,0.0,0.0,0.0,0.0,0.0,0.0,0.0,0.0,0.0,0.0,0.0
0.7222088479842966,0.01851817558934094,0.16666358030406844,0.0,0.01851817558934094,0.0,0.0,0.0,0.0,0.0,0.0,0.0,0.0,0.0,0.03703635117868188,0.0,0.03703635117868188,0.0,0.0,0.0,0.0,0.0,0.0,0.0,0.0,0.0,0.0,0.0,0.0,0.0,0.0,0.0,0.0,0.0,0.0,0.0
0.1249843769528809,0.0,0.2499687539057618,0.0,0.0,0.0,0.0,0.0,0.0,0.0,0.0,0.0,0.0,0.0,0.3749531308586427,0.0,0.0,0.0,0.0,0.0,0.2499687539057618,0.0,0.0,0.0,0.0,0.0,0.0,0.0,0.0,0.0,0.0,0.0,0.0,0.0,0.0,0.0
0.6249609399412537,0.0,0.12499218798825072,0.0,0.0,0.0,0.0,0.0,0.0,0.0,0.0,0.0,0.0,0.0,0.12499218798825072,0.0,0.0,0.0,0.0,0.0,0.12499218798825072,0.0,0.0,0.0,0.0,0.0,0.0,0.0,0.0,0.0,0.0,0.0,0.0,0.0,0.0,0.0
0.9998333611064822,0.0,0.0,0.0,0.0,0.0,0.0,0.0,0.0,0.0,0.0,0.0,0.0,0.0,0.0,0.0,0.0,0.0,0.0,0.0,0.0,0.0,0.0,0.0,0.0,0.0,0.0,0.0,0.0,0.0,0.0,0.0,0.0,0.0,0.0,0.0
0.3589651547396221,0.025640368195687293,0.33332478654393477,0.0,0.0,0.0,0.0,0.0,0.0,0.0,0.0,0.0,0.17948257736981105,0.0,0.051280736391374586,0.0,0.0,0.0,0.0,0.0,0.0,0.0,0.0,0.0,0.025640368195687293,0.0,0.0,0.0,0.025640368195687293,0.0,0.0,0.0,0.0,0.0,0.0,0.0
0.29165451439523354,0.0,0.333319445023124,0.0,0.0,0.0,0.0,0.0,0.0,0.0,0.0,0.0,0.0,0.0,0.2083246531394525,0.0,0.0,0.0,0.166659722511562,0.0,0.0,0.0,0.0,0.0,0.0,0.0,0.0,0.0,0.0,0.0,0.0,0.0,0.0,0.0,0.0,0.0
0.599960002666489,0.0,0.26664889007399506,0.0,0.0,0.0,0.0,0.0,0.0,0.0,0.0,0.0,0.0,0.0,0.06666222251849876,0.0,0.0,0.0,0.06666222251849876,0.0,0.0,0.0,0.0,0.0,0.0,0.0,0.0,0.0,0.0,0.0,0.0,0.0,0.0,0.0,0.0,0.0
0.499984375488266,0.0,0.3124902346801663,0.0,0.0,0.0,0.0,0.0,0.0,0.0,0.0,0.0,0.0,0.0,0.1249960938720665,0.0,0.0,0.0,0.0,0.0,0.0,0.0,0.0,0.0,0.06249804693603325,0.0,0.0,0.0,0.0,0.0,0.0,0.0,0.0,0.0,0.0,0.0
0.23076035537094727,0.0,0.3846005922849121,0.0,0.0,0.0,0.0,0.0,0.0,0.0,0.0,0.0,0.0,0.0,0.23076035537094727,0.0,0.0,0.0,0.07692011845698242,0.0,0.07692011845698242,0.0,0.0,0.0,0.0,0.0,0.0,0.0,0.0,0.0,0.0,0.0,0.0,0.0,0.0,0.0
0.3725417148683359,0.0,0.33332679751377425,0.0,0.0,0.0,0.019607458677280837,0.039214917354561674,0.0,0.0,0.019607458677280837,0.0,0.0,0.0,0.05882237603184252,0.0,0.0,0.0,0.05882237603184252,0.0,0.0,0.0,0.0,0.0,0.05882237603184252,0.0,0.0,0.0,0.0,0.0,0.0,0.039214917354561674,0.0,0.0,0.0,0.0
0.4073923188030073,0.0,0.25924965742009554,0.0,0.0,0.0,0.0,0.0,0.0,0.0,0.0,0.0,0.037035665345727935,0.0,0.2962853227658235,0.0,0.0,0.0,0.0,0.0,0.0,0.0,0.0,0.0,0.0,0.0,0.0,0.0,0.0,0.0,0.0,0.0,0.0,0.0,0.0,0.0
0.6922544419660026,0.0,0.2307514806553342,0.0,0.0,0.0,0.0,0.0,0.0,0.0,0.0,0.0,0.07691716021844473,0.0,0.0,0.0,0.0,0.0,0.0,0.0,0.0,0.0,0.0,0.0,0.0,0.0,0.0,0.0,0.0,0.0,0.0,0.0,0.0,0.0,0.0,0.0
0.5483694074384697,0.032257023966968806,0.22579916776878164,0.0,0.0,0.0,0.0,0.0,0.0,0.0,0.0,0.0,0.16128511983484403,0.0,0.032257023966968806,0.0,0.0,0.0,0.0,0.0,0.0,0.0,0.0,0.0,0.0,0.0,0.0,0.0,0.0,0.0,0.0,0.0,0.0,0.0,0.0,0.0
0.5348712820632079,0.0930210925327318,0.16278691193228065,0.0,0.02325527313318295,0.0,0.0,0.0,0.0,0.0,0.0,0.0,0.11627636566591475,0.0,0.06976581939954885,0.0,0.0,0.0,0.0,0.0,0.0,0.0,0.0,0.0,0.0,0.0,0.0,0.0,0.0,0.0,0.0,0.0,0.0,0.0,0.0,0.0
0.24997916840263312,0.0,0.24997916840263312,0.0,0.0,0.0,0.08332638946754438,0.16665277893508876,0.0,0.0,0.0,0.0,0.0,0.0,0.08332638946754438,0.0,0.0,0.0,0.08332638946754438,0.0,0.0,0.0,0.0,0.0,0.0,0.0,0.0,0.0,0.0,0.0,0.0,0.08332638946754438,0.0,0.0,0.0,0.0
0.4999807699703857,0.0,0.3461405330564209,0.0,0.0,0.0,0.0,0.0,0.0,0.0,0.0,0.0,0.0,0.0,0.11538017768547364,0.0,0.0,0.0,0.03846005922849121,0.0,0.0,0.0,0.0,0.0,0.0,0.0,0.0,0.0,0.0,0.0,0.0,0.0,0.0,0.0,0.0,0.0
0.333319445023124,0.0,0.333319445023124,0.0,0.0,0.0,0.0,0.0,0.0,0.0,0.0,0.0,0.0416649306278905,0.0,0.29165451439523354,0.0,0.0,0.0,0.0,0.0,0.0,0.0,0.0,0.0,0.0,0.0,0.0,0.0,0.0,0.0,0.0,0.0,0.0,0.0,0.0,0.0
0.23528719743536958,0.0,0.47057439487073915,0.0,0.0,0.0,0.0,0.0,0.0,0.0,0.0,0.0,0.058821799358842394,0.0,0.23528719743536958,0.0,0.0,0.0,0.0,0.0,0.0,0.0,0.0,0.0,0.0,0.0,0.0,0.0,0.0,0.0,0.0,0.0,0.0,0.0,0.0,0.0
0.555524693072607,0.0,0.2222098772290428,0.0,0.0,0.0,0.0,0.0,0.0,0.0,0.0,0.0,0.2222098772290428,0.0,0.0,0.0,0.0,0.0,0.0,0.0,0.0,0.0,0.0,0.0,0.0,0.0,0.0,0.0,0.0,0.0,0.0,0.0,0.0,0.0,0.0,0.0
0.83329861255781,0.0,0.1249947918836715,0.0,0.0,0.0,0.0,0.0,0.0,0.0,0.0,0.0,0.0,0.0,0.0416649306278905,0.0,0.0,0.0,0.0,0.0,0.0,0.0,0.0,0.0,0.0,0.0,0.0,0.0,0.0,0.0,0.0,0.0,0.0,0.0,0.0,0.0
0.5254148234775682,0.01694886527346994,0.2033863832816393,0.0,0.0,0.0,0.0,0.03389773054693988,0.0,0.0,0.0,0.01694886527346994,0.13559092218775953,0.0,0.03389773054693988,0.0,0.0,0.0,0.0,0.0,0.0,0.0,0.0,0.0,0.0,0.0,0.0,0.0,0.0,0.0,0.01694886527346994,0.01694886527346994,0.0,0.0,0.0,0.0
0.5599776008959642,0.0,0.2799888004479821,0.0,0.0,0.0,0.0,0.0,0.0,0.0,0.0,0.0,0.11999520019199232,0.0,0.039998400063997436,0.0,0.0,0.0,0.0,0.0,0.0,0.0,0.0,0.0,0.0,0.0,0.0,0.0,0.0,0.0,0.0,0.0,0.0,0.0,0.0,0.0
0.39998666711109626,0.0,0.36665444485183823,0.0,0.0,0.0,0.0,0.0,0.0,0.0,0.0,0.0,0.1666611112962901,0.0,0.06666444451851605,0.0,0.0,0.0,0.0,0.0,0.0,0.0,0.0,0.0,0.0,0.0,0.0,0.0,0.0,0.0,0.0,0.0,0.0,0.0,0.0,0.0
0.6052472303360438,0.0,0.2631509697113234,0.0,0.0,0.0,0.0,0.0,0.0,0.0,0.0,0.0,0.05263019394226468,0.0,0.05263019394226468,0.0,0.02631509697113234,0.0,0.0,0.0,0.0,0.0,0.0,0.0,0.0,0.0,0.0,0.0,0.0,0.0,0.0,0.0,0.0,0.0,0.0,0.0
0.6046441320449761,0.0,0.2790665224822967,0.0,0.0,0.0,0.0,0.0,0.0,0.0,0.0,0.0,0.04651108708038278,0.0,0.06976663062057417,0.0,0.0,0.0,0.0,0.0,0.0,0.0,0.0,0.0,0.0,0.0,0.0,0.0,0.0,0.0,0.0,0.0,0.0,0.0,0.0,0.0
0.45160561926420545,0.016128772116578767,0.24193158174868148,0.0,0.0,0.0,0.048386316349736294,0.0,0.0,0.0,0.0,0.0,0.016128772116578767,0.0,0.08064386058289383,0.0,0.0,0.0,0.0,0.0,0.016128772116578767,0.0,0.0,0.0,0.06451508846631507,0.048386316349736294,0.0,0.0,0.016128772116578767,0.0,0.0,0.0,0.0,0.0,0.0,0.0
0.41663194733772185,0.0,0.3333055578701775,0.0,0.0,0.0,0.0,0.0,0.0,0.0,0.0,0.0,0.08332638946754438,0.0,0.16665277893508876,0.0,0.0,0.0,0.0,0.0,0.0,0.0,0.0,0.0,0.0,0.0,0.0,0.0,0.0,0.0,0.0,0.0,0.0,0.0,0.0,0.0
0.5714081639941431,0.0,0.1785650512481697,0.0,0.0,0.0,0.03571301024963394,0.07142602049926788,0.0,0.0,0.0,0.0,0.10713903074890183,0.0,0.03571301024963394,0.0,0.0,0.0,0.0,0.0,0.0,0.0,0.0,0.0,0.0,0.0,0.0,0.0,0.0,0.0,0.0,0.0,0.0,0.0,0.0,0.0
0.499979167534686,0.0,0.249989583767343,0.0,0.0,0.0,0.0,0.0,0.0,0.0,0.0,0.0,0.166659722511562,0.0,0.0416649306278905,0.0,0.0416649306278905,0.0,0.0,0.0,0.0,0.0,0.0,0.0,0.0,0.0,0.0,0.0,0.0,0.0,0.0,0.0,0.0,0.0,0.0,0.0
0.4318083679916366,0.0,0.15908729347060294,0.0,0.0,0.0,0.0,0.0,0.0,0.0,0.0,0.0,0.15908729347060294,0.0,0.20454080589077522,0.0,0.0,0.0,0.04545351242017227,0.0,0.0,0.0,0.0,0.0,0.0,0.0,0.0,0.0,0.0,0.0,0.0,0.0,0.0,0.0,0.0,0.0
0.6666222251849877,0.0,0.13332444503699753,0.0,0.0,0.0,0.0,0.0,0.0,0.0,0.0,0.0,0.0,0.0,0.0,0.0,0.0,0.0,0.1999866675554963,0.0,0.0,0.0,0.0,0.0,0.0,0.0,0.0,0.0,0.0,0.0,0.0,0.0,0.0,0.0,0.0,0.0
0.4799904001919962,0.01999960000799984,0.1999960000799984,0.0,0.0,0.0,0.0,0.03999920001599968,0.0,0.0,0.0,0.01999960000799984,0.0999980000399992,0.0,0.0999980000399992,0.0,0.0,0.0,0.01999960000799984,0.0,0.0,0.0,0.0,0.0,0.0,0.0,0.0,0.0,0.0,0.0,0.0,0.0,0.0,0.0,0.01999960000799984,0.0
0.30231855073137837,0.0,0.02325527313318295,0.0,0.0,0.0465105462663659,0.02325527313318295,0.16278691193228065,0.0,0.0,0.0,0.0930210925327318,0.0,0.02325527313318295,0.06976581939954885,0.0,0.0,0.0,0.06976581939954885,0.0,0.0,0.0,0.0,0.02325527313318295,0.0,0.0,0.0,0.0,0.0,0.0,0.0,0.16278691193228065,0.0,0.0,0.0,0.0
0.72720661758022,0.0,0.0909008271975275,0.0,0.0,0.0,0.0,0.0,0.0,0.0,0.0,0.0,0.0,0.0,0.0,0.0,0.0,0.0,0.181801654395055,0.0,0.0,0.0,0.0,0.0,0.0,0.0,0.0,0.0,0.0,0.0,0.0,0.0,0.0,0.0,0.0,0.0
0.0,0.0,0.44439506721475397,0.0,0.0,0.0,0.0,0.0,0.0,0.0,0.0,0.0,0.0,0.0,0.0,0.0,0.0,0.0,0.5554938340184424,0.0,0.0,0.0,0.0,0.0,0.0,0.0,0.0,0.0,0.0,0.0,0.0,0.0,0.0,0.0,0.0,0.0
0.72720661758022,0.0,0.0,0.0,0.0,0.0,0.0,0.0,0.0,0.0,0.0,0.0,0.0,0.0,0.0,0.0,0.0,0.0,0.2727024815925825,0.0,0.0,0.0,0.0,0.0,0.0,0.0,0.0,0.0,0.0,0.0,0.0,0.0,0.0,0.0,0.0,0.0
0.4999821434948752,0.10713903074890183,0.14285204099853577,0.0,0.0,0.0,0.03571301024963394,0.0,0.0,0.0,0.0,0.0,0.07142602049926788,0.0,0.07142602049926788,0.0,0.0,0.0,0.07142602049926788,0.0,0.0,0.0,0.0,0.0,0.0,0.0,0.0,0.0,0.0,0.0,0.0,0.0,0.0,0.0,0.0,0.0
0.6999650017499125,0.0,0.049997500124993745,0.0,0.0,0.0,0.0,0.0,0.0,0.0,0.0,0.0,0.049997500124993745,0.0,0.0,0.0,0.0,0.0,0.19999000049997498,0.0,0.0,0.0,0.0,0.0,0.0,0.0,0.0,0.0,0.0,0.0,0.0,0.0,0.0,0.0,0.0,0.0
0.5263019394226468,0.0,0.05263019394226468,0.0,0.0,0.0,0.0,0.0,0.0,0.0,0.0,0.0,0.05263019394226468,0.0,0.0,0.0,0.0,0.0,0.23683587274019105,0.0,0.0,0.0,0.0,0.0,0.02631509697113234,0.0,0.0,0.05263019394226468,0.05263019394226468,0.0,0.0,0.0,0.0,0.0,0.0,0.0
0.5652051042368644,0.0,0.043477315710528035,0.0,0.0,0.0,0.0,0.0,0.0,0.0,0.0,0.0,0.0,0.0,0.0,0.0,0.0,0.0,0.2608638942631682,0.0,0.0,0.0,0.0,0.0,0.043477315710528035,0.0,0.0,0.0,0.08695463142105607,0.0,0.0,0.0,0.0,0.0,0.0,0.0
0.6153372817475579,0.0,0.2307514806553342,0.0,0.0,0.0,0.0,0.0,0.0,0.0,0.0,0.0,0.0,0.0,0.0,0.0,0.0,0.0,0.15383432043688947,0.0,0.0,0.0,0.0,0.0,0.0,0.0,0.0,0.0,0.0,0.0,0.0,0.0,0.0,0.0,0.0,0.0
0.19998000199980004,0.0,0.4999500049995001,0.0,0.0,0.0,0.0,0.0,0.0,0.0,0.0,0.0,0.09999000099990002,0.0,0.0,0.0,0.0,0.0,0.19998000199980004,0.0,0.0,0.0,0.0,0.0,0.0,0.0,0.0,0.0,0.0,0.0,0.0,0.0,0.0,0.0,0.0,0.0
0.521731569107694,0.014492543586324834,0.23188069738119735,0.0,0.014492543586324834,0.0,0.0,0.0,0.0,0.0,0.0,0.0,0.18840306662222286,0.0,0.014492543586324834,0.0,0.0,0.0,0.014492543586324834,0.0,0.0,0.0,0.0,0.0,0.0,0.0,0.0,0.0,0.0,0.0,0.0,0.0,0.0,0.0,0.0,0.0
0.45054449951099435,0.021977780463950946,0.17582224371160757,0.0,0.0,0.010988890231975473,0.0,0.0,0.0,0.0,0.0,0.0,0.17582224371160757,0.0,0.16483335347963207,0.0,0.0,0.0,0.0,0.0,0.0,0.0,0.0,0.0,0.0,0.0,0.0,0.0,0.0,0.0,0.0,0.0,0.0,0.0,0.0,0.0
0.659075930092498,0.0,0.1363605372605168,0.0,0.0,0.0,0.0,0.0,0.0,0.0,0.0,0.0,0.1363605372605168,0.0,0.0681802686302584,0.0,0.0,0.0,0.0,0.0,0.0,0.0,0.0,0.0,0.0,0.0,0.0,0.0,0.0,0.0,0.0,0.0,0.0,0.0,0.0,0.0
0.4931439295352118,0.013698442487089218,0.17807975233215984,0.0,0.0,0.0,0.0,0.0,0.0,0.0,0.0,0.0,0.19177819481924904,0.0,0.09588909740962452,0.0,0.013698442487089218,0.0,0.013698442487089218,0.0,0.0,0.0,0.0,0.0,0.0,0.0,0.0,0.0,0.0,0.0,0.0,0.0,0.0,0.0,0.0,0.0
0.5714217687884667,0.03571386054927917,0.17856930274639587,0.0,0.0,0.0,0.0,0.05952310091546529,0.0,0.0,0.0,0.011904620183093058,0.07142772109855834,0.023809240366186115,0.03571386054927917,0.0,0.0,0.0,0.0,0.0,0.0,0.0,0.0,0.0,0.0,0.0,0.0,0.0,0.0,0.0,0.0,0.011904620183093058,0.0,0.0,0.0,0.0
0.7199856002879943,0.05999880002399952,0.11999760004799905,0.0,0.0,0.0,0.0,0.01999960000799984,0.0,0.0,0.0,0.0,0.05999880002399952,0.0,0.01999960000799984,0.0,0.0,0.0,0.0,0.0,0.0,0.0,0.0,0.0,0.0,0.0,0.0,0.0,0.0,0.0,0.0,0.0,0.0,0.0,0.0,0.0
0.4999861114969029,0.0,0.1666620371656343,0.0,0.0,0.0,0.0,0.0,0.0,0.0,0.0,0.0,0.11110802477708953,0.0,0.11110802477708953,0.0,0.0,0.0,0.11110802477708953,0.0,0.0,0.0,0.0,0.0,0.0,0.0,0.0,0.0,0.0,0.0,0.0,0.0,0.0,0.0,0.0,0.0
0.35384071014292084,0.030768757403732246,0.19999692312425962,0.0,0.0,0.015384378701866123,0.0,0.0,0.0,0.0,0.0,0.0,0.1846125444223935,0.0,0.16922816572052737,0.0,0.0,0.015384378701866123,0.0,0.0,0.0,0.0,0.0,0.0,0.0,0.0,0.015384378701866123,0.0,0.0,0.0,0.0,0.0,0.0,0.0,0.0,0.015384378701866123
0.9999000099990002,0.0,0.0,0.0,0.0,0.0,0.0,0.0,0.0,0.0,0.0,0.0,0.0,0.0,0.0,0.0,0.0,0.0,0.0,0.0,0.0,0.0,0.0,0.0,0.0,0.0,0.0,0.0,0.0,0.0,0.0,0.0,0.0,0.0,0.0,0.0
0.857020425653478,0.0,0.142836737608913,0.0,0.0,0.0,0.0,0.0,0.0,0.0,0.0,0.0,0.0,0.0,0.0,0.0,0.0,0.0,0.0,0.0,0.0,0.0,0.0,0.0,0.0,0.0,0.0,0.0,0.0,0.0,0.0,0.0,0.0,0.0,0.0,0.0
0.9999000099990002,0.0,0.0,0.0,0.0,0.0,0.0,0.0,0.0,0.0,0.0,0.0,0.0,0.0,0.0,0.0,0.0,0.0,0.0,0.0,0.0,0.0,0.0,0.0,0.0,0.0,0.0,0.0,0.0,0.0,0.0,0.0,0.0,0.0,0.0,0.0
0.4999375078115236,0.0,0.2499687539057618,0.0,0.0,0.0,0.0,0.0,0.0,0.0,0.0,0.0,0.0,0.0,0.0,0.0,0.0,0.0,0.2499687539057618,0.0,0.0,0.0,0.0,0.0,0.0,0.0,0.0,0.0,0.0,0.0,0.0,0.0,0.0,0.0,0.0,0.0
0.9999000099990002,0.0,0.0,0.0,0.0,0.0,0.0,0.0,0.0,0.0,0.0,0.0,0.0,0.0,0.0,0.0,0.0,0.0,0.0,0.0,0.0,0.0,0.0,0.0,0.0,0.0,0.0,0.0,0.0,0.0,0.0,0.0,0.0,0.0,0.0,0.0
0.8331944675887352,0.0,0.0,0.0,0.0,0.0,0.0,0.0,0.0,0.0,0.0,0.0,0.16663889351774702,0.0,0.0,0.0,0.0,0.0,0.0,0.0,0.0,0.0,0.0,0.0,0.0,0.0,0.0,0.0,0.0,0.0,0.0,0.0,0.0,0.0,0.0,0.0
0.7142346975216056,0.0,0.14284693950432112,0.0,0.0,0.0,0.0,0.0,0.0,0.0,0.0,0.0,0.07142346975216056,0.0,0.07142346975216056,0.0,0.0,0.0,0.0,0.0,0.0,0.0,0.0,0.0,0.0,0.0,0.0,0.0,0.0,0.0,0.0,0.0,0.0,0.0,0.0,0.0
0.4999166805532411,0.0,0.16663889351774702,0.0,0.0,0.0,0.0,0.0,0.0,0.0,0.0,0.0,0.0,0.0,0.0,0.0,0.0,0.0,0.33327778703549404,0.0,0.0,0.0,0.0,0.0,0.0,0.0,0.0,0.0,0.0,0.0,0.0,0.0,0.0,0.0,0.0,0.0
0.916628473813591,0.0,0.0,0.0,0.0,0.0,0.0,0.0,0.0,0.0,0.0,0.0,0.0,0.0,0.0,0.0,0.0,0.0,0.083329861255781,0.0,0.0,0.0,0.0,0.0,0.0,0.0,0.0,0.0,0.0,0.0,0.0,0.0,0.0,0.0,0.0,0.0
0.7999200079992002,0.0,0.19998000199980004,0.0,0.0,0.0,0.0,0.0,0.0,0.0,0.0,0.0,0.0,0.0,0.0,0.0,0.0,0.0,0.0,0.0,0.0,0.0,0.0,0.0,0.0,0.0,0.0,0.0,0.0,0.0,0.0,0.0,0.0,0.0,0.0,0.0
0.41377883521257885,0.0,0.20688941760628943,0.0,0.0,0.0,0.0,0.0,0.0,0.0,0.0,0.0,0.10344470880314471,0.0,0.24137098720733766,0.0,0.0,0.0,0.0,0.0,0.0,0.0,0.0,0.0,0.034481569601048236,0.0,0.0,0.0,0.0,0.0,0.0,0.0,0.0,0.0,0.0,0.0
0.62855346990086,0.0,0.19999428587754636,0.0,0.0,0.0,0.0,0.0,0.0,0.0,0.0,0.0,0.05714122453644182,0.0,0.11428244907288364,0.0,0.0,0.0,0.0,0.0,0.0,0.0,0.0,0.0,0.0,0.0,0.0,0.0,0.0,0.0,0.0,0.0,0.0,0.0,0.0,0.0
0.15384319532316687,0.0,0.34614718947712547,0.0,0.0,0.0,0.0,0.0,0.0,0.0,0.0,0.0,0.19230399415395857,0.0,0.269225591815542,0.0,0.0,0.0,0.0,0.0,0.03846079883079172,0.0,0.0,0.0,0.0,0.0,0.0,0.0,0.0,0.0,0.0,0.0,0.0,0.0,0.0,0.0
0.4073923188030073,0.0,0.25924965742009554,0.0,0.0,0.0,0.0,0.0,0.0,0.0,0.0,0.0,0.18517832672863968,0.0,0.1111069960371838,0.0,0.0,0.0,0.0,0.0,0.0,0.0,0.0,0.0,0.0,0.0,0.037035665345727935,0.0,0.0,0.0,0.0,0.0,0.0,0.0,0.0,0.0
0.49396995216925094,0.0,0.24096095227768338,0.0,0.0,0.0,0.0,0.0,0.0,0.0,0.0,0.0,0.08433633329718919,0.0,0.18072071420826255,0.0,0.0,0.0,0.0,0.0,0.0,0.0,0.0,0.0,0.0,0.0,0.0,0.0,0.0,0.0,0.0,0.0,0.0,0.0,0.0,0.0
0.6249739594183575,0.0,0.2083246531394525,0.0,0.0,0.0,0.0,0.0,0.0,0.0,0.0,0.0,0.0,0.0,0.166659722511562,0.0,0.0,0.0,0.0,0.0,0.0,0.0,0.0,0.0,0.0,0.0,0.0,0.0,0.0,0.0,0.0,0.0,0.0,0.0,0.0,0.0
0.5161123834715009,0.0,0.25805619173575045,0.0,0.0,0.0,0.0,0.0,0.0,0.0,0.0,0.0,0.032257023966968806,0.0,0.16128511983484403,0.0,0.032257023966968806,0.0,0.0,0.0,0.0,0.0,0.0,0.0,0.0,0.0,0.0,0.0,0.0,0.0,0.0,0.0,0.0,0.0,0.0,0.0
0.40539444879868114,0.0,0.2972892624523662,0.0,0.0,0.0,0.0,0.0,0.0,0.0,0.0,0.0,0.10810518634631497,0.0,0.1891840761060512,0.0,0.0,0.0,0.0,0.0,0.0,0.0,0.0,0.0,0.0,0.0,0.0,0.0,0.0,0.0,0.0,0.0,0.0,0.0,0.0,0.0
0.39998666711109626,0.0,0.2666577780740642,0.0,0.0,0.0,0.0,0.0,0.0,0.0,0.0,0.0,0.1666611112962901,0.0,0.1666611112962901,0.0,0.0,0.0,0.0,0.0,0.0,0.0,0.0,0.0,0.0,0.0,0.0,0.0,0.0,0.0,0.0,0.0,0.0,0.0,0.0,0.0
0.4374726579588775,0.0,0.31248046997062684,0.0,0.0,0.0,0.0,0.0,0.0,0.0,0.0,0.0,0.18748828198237608,0.0,0.06249609399412536,0.0,0.0,0.0,0.0,0.0,0.0,0.0,0.0,0.0,0.0,0.0,0.0,0.0,0.0,0.0,0.0,0.0,0.0,0.0,0.0,0.0
0.3999920001599968,0.0,0.35999280014399715,0.0,0.0,0.0,0.0,0.0,0.0,0.0,0.0,0.0,0.15999680006399872,0.0,0.03999920001599968,0.0,0.0,0.0,0.0,0.0,0.03999920001599968,0.0,0.0,0.0,0.0,0.0,0.0,0.0,0.0,0.0,0.0,0.0,0.0,0.0,0.0,0.0
0.2857061226822091,0.0,0.37141795948687184,0.0,0.0,0.0,0.0,0.0,0.0,0.0,0.0,0.0,0.17142367360932545,0.0,0.11428244907288364,0.0,0.0,0.0,0.02857061226822091,0.0,0.0,0.0,0.0,0.0,0.0,0.0,0.0,0.0,0.0,0.0,0.02857061226822091,0.0,0.0,0.0,0.0,0.0
0.35615950466431967,0.0,0.20547663730633825,0.0,0.0,0.0,0.027396884974178436,0.0,0.0,0.0,0.0,0.0,0.027396884974178436,0.0,0.28766729222887355,0.0,0.06849221243544608,0.0,0.0,0.0,0.0,0.0,0.0,0.0,0.0,0.0,0.0,0.0,0.0,0.0,0.0,0.027396884974178436,0.0,0.0,0.0,0.0
0.6769126628821095,0.0,0.16922816572052737,0.0,0.0,0.0,0.0,0.0,0.0,0.0,0.0,0.0,0.015384378701866123,0.0,0.12307502961492899,0.0,0.015384378701866123,0.0,0.0,0.0,0.0,0.0,0.0,0.0,0.0,0.0,0.0,0.0,0.0,0.0,0.0,0.0,0.0,0.0,0.0,0.0
0.8147846376060146,0.0,0.07407133069145587,0.0,0.0,0.0,0.0,0.0,0.0,0.0,0.0,0.0,0.0,0.0,0.037035665345727935,0.0,0.07407133069145587,0.0,0.0,0.0,0.0,0.0,0.0,0.0,0.0,0.0,0.0,0.0,0.0,0.0,0.0,0.0,0.0,0.0,0.0,0.0
0.645819878752526,0.0,0.1458302952021833,0.0,0.0,0.0,0.0,0.0,0.0,0.0,0.0,0.0,0.020832899314597614,0.0,0.18749609383137852,0.0,0.0,0.0,0.0,0.0,0.0,0.0,0.0,0.0,0.0,0.0,0.0,0.0,0.0,0.0,0.0,0.0,0.0,0.0,0.0,0.0
0.4999687519530029,0.0,0.37497656396475215,0.0,0.0,0.0,0.0,0.0,0.0,0.0,0.0,0.0,0.12499218798825072,0.0,0.0,0.0,0.0,0.0,0.0,0.0,0.0,0.0,0.0,0.0,0.0,0.0,0.0,0.0,0.0,0.0,0.0,0.0,0.0,0.0,0.0,0.0
0.6734556437623722,0.0,0.18366972102610152,0.0,0.0,0.0,0.0,0.0,0.0,0.0,0.0,0.0,0.0,0.0,0.14285422746474563,0.0,0.0,0.0,0.0,0.0,0.0,0.0,0.0,0.0,0.0,0.0,0.0,0.0,0.0,0.0,0.0,0.0,0.0,0.0,0.0,0.0
0.9411211105229104,0.0588200694076819,0.0,0.0,0.0,0.0,0.0,0.0,0.0,0.0,0.0,0.0,0.0,0.0,0.0,0.0,0.0,0.0,0.0,0.0,0.0,0.0,0.0,0.0,0.0,0.0,0.0,0.0,0.0,0.0,0.0,0.0,0.0,0.0,0.0,0.0
0.8570816370259268,0.0,0.07142346975216056,0.0,0.07142346975216056,0.0,0.0,0.0,0.0,0.0,0.0,0.0,0.0,0.0,0.0,0.0,0.0,0.0,0.0,0.0,0.0,0.0,0.0,0.0,0.0,0.0,0.0,0.0,0.0,0.0,0.0,0.0,0.0,0.0,0.0,0.0
0.5624648459471283,0.18748828198237608,0.0,0.0,0.0,0.0,0.0,0.24998437597650144,0.0,0.0,0.0,0.0,0.0,0.0,0.0,0.0,0.0,0.0,0.0,0.0,0.0,0.0,0.0,0.0,0.0,0.0,0.0,0.0,0.0,0.0,0.0,0.0,0.0,0.0,0.0,0.0
0.4482604048136271,0.0,0.20688941760628943,0.0,0.0,0.0,0.0,0.0,0.0,0.0,0.0,0.0,0.06896313920209647,0.0,0.1724078480052412,0.0,0.10344470880314471,0.0,0.0,0.0,0.0,0.0,0.0,0.0,0.0,0.0,0.0,0.0,0.0,0.0,0.0,0.0,0.0,0.0,0.0,0.0
0.6874570339353789,0.0,0.31248046997062684,0.0,0.0,0.0,0.0,0.0,0.0,0.0,0.0,0.0,0.0,0.0,0.0,0.0,0.0,0.0,0.0,0.0,0.0,0.0,0.0,0.0,0.0,0.0,0.0,0.0,0.0,0.0,0.0,0.0,0.0,0.0,0.0,0.0
0.4666511116296123,0.0,0.1333288890370321,0.0,0.0,0.0,0.0,0.0,0.0,0.0,0.0,0.0,0.1333288890370321,0.0,0.1333288890370321,0.0,0.0,0.0,0.06666444451851605,0.0,0.0,0.0,0.0,0.0,0.0,0.0,0.06666444451851605,0.0,0.0,0.0,0.0,0.0,0.0,0.0,0.0,0.0
0.7691716021844474,0.0,0.07691716021844473,0.0,0.0,0.0,0.0,0.0,0.0,0.0,0.0,0.0,0.07691716021844473,0.0,0.0,0.0,0.07691716021844473,0.0,0.0,0.0,0.0,0.0,0.0,0.0,0.0,0.0,0.0,0.0,0.0,0.0,0.0,0.0,0.0,0.0,0.0,0.0
0.6428112277694451,0.0,0.14284693950432112,0.0,0.0,0.0,0.0,0.0,0.0,0.0,0.0,0.0,0.0,0.0,0.07142346975216056,0.0,0.0,0.0,0.14284693950432112,0.0,0.0,0.0,0.0,0.0,0.0,0.0,0.0,0.0,0.0,0.0,0.0,0.0,0.0,0.0,0.0,0.0
0.8748906386701663,0.0,0.1249843769528809,0.0,0.0,0.0,0.0,0.0,0.0,0.0,0.0,0.0,0.0,0.0,0.0,0.0,0.0,0.0,0.0,0.0,0.0,0.0,0.0,0.0,0.0,0.0,0.0,0.0,0.0,0.0,0.0,0.0,0.0,0.0,0.0,0.0
0.4399824007039718,0.0,0.3199872005119795,0.0,0.0,0.0,0.0,0.0,0.0,0.0,0.0,0.0,0.0,0.039998400063997436,0.19999200031998718,0.0,0.0,0.0,0.0,0.0,0.0,0.0,0.0,0.0,0.0,0.0,0.0,0.0,0.0,0.0,0.0,0.0,0.0,0.0,0.0,0.0
0.7999200079992002,0.0,0.09999000099990002,0.0,0.0,0.0,0.0,0.0,0.0,0.0,0.0,0.0,0.0,0.0,0.0,0.0,0.09999000099990002,0.0,0.0,0.0,0.0,0.0,0.0,0.0,0.0,0.0,0.0,0.0,0.0,0.0,0.0,0.0,0.0,0.0,0.0,0.0
0.6599868002639947,0.0,0.17999640007199857,0.0,0.0,0.0,0.0,0.0,0.0,0.0,0.0,0.0,0.0,0.0,0.11999760004799905,0.0,0.03999920001599968,0.0,0.0,0.0,0.0,0.0,0.0,0.0,0.0,0.0,0.0,0.0,0.0,0.0,0.0,0.0,0.0,0.0,0.0,0.0
0.43477315710528036,0.08695463142105607,0.21738657855264018,0.0,0.0,0.0,0.0,0.08695463142105607,0.0,0.0,0.0,0.0,0.06521597356579205,0.021738657855264017,0.08695463142105607,0.0,0.0,0.0,0.0,0.0,0.0,0.0,0.0,0.0,0.0,0.0,0.0,0.0,0.0,0.0,0.0,0.0,0.0,0.0,0.0,0.0
0.5599776008959642,0.11999520019199232,0.23999040038398464,0.0,0.0,0.0,0.0,0.0,0.0,0.0,0.0,0.0,0.0,0.039998400063997436,0.0,0.0,0.039998400063997436,0.0,0.0,0.0,0.0,0.0,0.0,0.0,0.0,0.0,0.0,0.0,0.0,0.0,0.0,0.0,0.0,0.0,0.0,0.0
0.8999550022498874,0.0,0.09999500024998749,0.0,0.0,0.0,0.0,0.0,0.0,0.0,0.0,0.0,0.0,0.0,0.0,0.0,0.0,0.0,0.0,0.0,0.0,0.0,0.0,0.0,0.0,0.0,0.0,0.0,0.0,0.0,0.0,0.0,0.0,0.0,0.0,0.0
0.6428341844934109,0.07142602049926788,0.07142602049926788,0.0,0.0,0.0,0.0,0.0,0.0,0.0,0.0,0.0,0.0,0.07142602049926788,0.14285204099853577,0.0,0.0,0.0,0.0,0.0,0.0,0.0,0.0,0.0,0.0,0.0,0.0,0.0,0.0,0.0,0.0,0.0,0.0,0.0,0.0,0.0
