A_run_length_2,A_run_length_3,A_run_length_4,A_run_length_5
0.7998400319936012,0.1999600079984003,0.0,0.0
0.6551498224199165,0.3448156960104824,0.0,0.0
0.529380624669137,0.3529204164460914,0.1176401388153638,0.0
0.571346950435652,0.428510212826739,0.0,0.0
0.8420609441608335,0.1578864270301563,0.0,0.0
0.8999550022498874,0.09999500024998749,0.0,0.0
0.9998889012331964,0.0,0.0,0.0
0.4998750312421894,0.4998750312421894,0.0,0.0
0.9165902841429882,0.08332638946754438,0.0,0.0
0.5999760009599616,0.35998560057597695,0.039998400063997436,0.0
0.6153609476558594,0.3461405330564209,0.03846005922849121,0.0
0.6999300069993001,0.29997000299970006,0.0,0.0
0.5714081639941431,0.4285561229956073,0.0,0.0
0.5555349801859191,0.4444279841487352,0.0,0.0
0.9990009990009991,0.0,0.0,0.0
0.9999000099990002,0.0,0.0,0.0
0.9998333611064822,0.0,0.0,0.0
0.8332638946754437,0.16665277893508876,0.0,0.0
0.5998800239952009,0.3999200159968006,0.0,0.0
0.1999600079984003,0.7998400319936012,0.0,0.0
0.545404963185165,0.4545041359876375,0.0,0.0
0.4998750312421894,0.4998750312421894,0.0,0.0
0.6428112277694451,0.3571173487608028,0.0,0.0
0.428510212826739,0.571346950435652,0.0,0.0
0.8748906386701663,0.1249843769528809,0.0,0.0
0.9374414099118804,0.06249609399412536,0.0,0.0
0.7221821009943892,0.2777623465363035,0.0,0.0
0.49975012493753124,0.49975012493753124,0.0,0.0
0.6999300069993001,0.29997000299970006,0.0,0.0
0.6665555740709881,0.33327778703549404,0.0,0.0
0.6665555740709881,0.33327778703549404,0.0,0.0
0.9999000099990002,0.0,0.0,0.0
0.7499531279295043,0.24998437597650144,0.0,0.0
0.6956219294813268,0.2608582235554976,0.04347637059258293,0.0
0.9230059226213368,0.07691716021844473,0.0,0.0
0.4999375078115236,0.4999375078115236,0.0,0.0
0.7221821009943892,0.2777623465363035,0.0,0.0
0.6999825004374891,0.29999250018749535,0.0,0.0
0.526288090100521,0.4736592810904689,0.0,0.0
0.7498125468632841,0.2499375156210947,0.0,0.0
0.9332711152589828,0.06666222251849876,0.0,0.0
0.16663889351774702,0.6665555740709881,0.16663889351774702,0.0
0.6428112277694451,0.3571173487608028,0.0,0.0
0.8887901344295079,0.11109876680368849,0.0,0.0
0.24997916840263312,0.49995833680526625,0.24997916840263312,0.0
0.6999300069993001,0.29997000299970006,0.0,0.0
0.6665555740709881,0.33327778703549404,0.0,0.0
0.0,0.0,0.0,0.0
0.8331944675887352,0.0,0.16663889351774702,0.0
0.3749531308586427,0.4999375078115236,0.1249843769528809,0.0
0.8332638946754437,0.16665277893508876,0.0,0.0
0.7856581672737661,0.07142346975216056,0.07142346975216056,0.07142346975216056
0.7999600019998999,0.09999500024998749,0.09999500024998749,0.0
0.6665555740709881,0.33327778703549404,0.0,0.0
0.9995002498750625,0.0,0.0,0.0
0.4347637059258293,0.5651928177035781,0.0,0.0
0.4347637059258293,0.39128733533324633,0.1304291117777488,0.04347637059258293
0.26664889007399506,0.5332977801479901,0.1999866675554963,0.0
0.2631440450502605,0.6315457081206252,0.0526288090100521,0.0526288090100521
0.24998750062496874,0.4499775011249437,0.24998750062496874,0.049997500124993745
0.1999866675554963,0.1999866675554963,0.599960002666489,0.0
0.7142346975216056,0.28569387900864224,0.0,0.0
0.24997916840263312,0.5832847262728106,0.16665277893508876,0.0
0.8887901344295079,0.11109876680368849,0.0,0.0
0.9998333611064822,0.0,0.0,0.0
0.9999000099990002,0.0,0.0,0.0
0.9997500624843788,0.0,0.0,0.0
0.571346950435652,0.428510212826739,0.0,0.0
0.9998000399920015,0.0,0.0,0.0
0.8887901344295079,0.11109876680368849,0.0,0.0
0.9996667777407531,0.0,0.0,0.0
0.8999550022498874,0.09999500024998749,0.0,0.0
0.9998750156230471,0.0,0.0,0.0
0.4999166805532411,0.0,0.4999166805532411,0.0
0.22219753360737698,0.11109876680368849,0.6665926008221309,0.0
0.6665555740709881,0.33327778703549404,0.0,0.0
0.571346950435652,0.285673475217826,0.142836737608913,0.0
0.2105152360402084,0.4210304720804168,0.3684016630703647,0.0
0.3749531308586427,0.3749531308586427,0.2499687539057618,0.0
0.1249843769528809,0.7499062617172854,0.1249843769528809,0.0
0.44439506721475397,0.44439506721475397,0.11109876680368849,0.0
0.428510212826739,0.428510212826739,0.142836737608913,0.0
0.5998800239952009,0.3999200159968006,0.0,0.0
0.3999600039996001,0.19998000199980004,0.3999600039996001,0.0
0.6665555740709881,0.0,0.33327778703549404,0.0
0.2142704092564817,0.7142346975216056,0.07142346975216056,0.0
0.19046712061330412,0.5237845816865864,0.28570068091995615,0.0
0.0909008271975275,0.8181074447777476,0.0909008271975275,0.0
0.2142704092564817,0.4285408185129634,0.28569387900864224,0.07142346975216056
0.0,0.9997500624843788,0.0,0.0
0.0,0.4615029613106684,0.5384201215291131,0.0
0.9332711152589828,0.06666222251849876,0.0,0.0
0.9999166736105325,0.0,0.0,0.0
0.9998889012331964,0.0,0.0,0.0
0.8181074447777476,0.181801654395055,0.0,0.0
0.16663889351774702,0.8331944675887352,0.0,0.0
0.5999400059994001,0.3999600039996001,0.0,0.0
0.8887901344295079,0.11109876680368849,0.0,0.0
0.8748906386701663,0.1249843769528809,0.0,0.0
0.5998800239952009,0.3999200159968006,0.0,0.0
0.428510212826739,0.571346950435652,0.0,0.0
0.3999200159968006,0.5998800239952009,0.0,0.0
0.47616780153326027,0.47616780153326027,0.04761678015332603,0.0
0.9473185621809378,0.0526288090100521,0.0,0.0
0.5999400059994001,0.3999600039996001,0.0,0.0
0.9999444475306927,0.0,0.0,0.0
0.9999444475306927,0.0,0.0,0.0
