metric,contrast,estimate_median,estimate_mean,lower_95,upper_95,Pr_lt_0,Pr_gt_0,contrast_definition
Combined,across_minus_after,0.5616744900436559,0.5628040379621587,0.32831576705716553,0.7903366294765244,0,1,Before-After minus After-After
Combined,across_minus_before,0.030473102511216384,0.02988709036972882,-0.21673073603375806,0.27809680468525655,0.405875,0.594125,Before-After minus Before-Before
Combined,after_minus_before_dispersion,-0.5322230024963431,-0.5329169475924299,-0.9498471499343918,-0.10964735246801326,0.993625,0.006375,After-After minus Before-Before
bigram,across_minus_after,0.5439461158847498,0.5448880797088139,0.2391801145380495,0.8493670590926146,1.25e-4,0.999875,Before-After minus After-After
bigram,across_minus_before,-0.003836404442067381,-0.00496398393068494,-0.35472547093170165,0.33520524242252453,0.51075,0.48925,Before-After minus Before-Before
bigram,after_minus_before_dispersion,-0.5487260357953294,-0.5498520636394989,-1.0448897517617264,-0.057112944761630514,0.985875,0.014125,After-After minus Before-Before
local_alignment,across_minus_after,0.7565694255282425,0.7563506338996816,0.4433716629217173,1.0657529310917395,0,1,Before-After minus After-After
local_alignment,across_minus_before,-0.02113138749445842,-0.02318214749152822,-0.3670361873877234,0.3113249029225285,0.546875,0.453125,Before-After minus Before-Before
local_alignment,after_minus_before_dispersion,-0.7806554594360621,-0.7795327813912099,-1.2728862366966125,-0.2886023445415779,0.9995,5e-4,After-After minus Before-Before
repeat_A_len,across_minus_after,0.38628616267066507,0.38589793429457003,0.08109919836596328,0.6873624088229475,0.008375,0.991625,Before-After minus After-After
repeat_A_len,across_minus_before,0.182819918923518,0.18320122821182874,-0.16415854724098283,0.5284003546749597,0.146375,0.853625,Before-After minus Before-Before
repeat_A_len,after_minus_before_dispersion,-0.19983196957959704,-0.20269670608274132,-0.7007145437518544,0.298147370517365,0.7885,0.2115,After-After minus Before-Before
transition_matrix,across_minus_after,0.5630759915859417,0.5640795039455694,0.25869114467773263,0.8667208056379467,2.5e-4,0.99975,Before-After minus After-After
transition_matrix,across_minus_before,-0.03419105039924833,-0.035506735310700296,-0.3622206770134204,0.28341298720913044,0.58425,0.41575,Before-After minus Before-Before
transition_matrix,after_minus_before_dispersion,-0.6025697695504153,-0.5995862392562696,-1.086564984758829,-0.12265609307994844,0.99325,0.00675,After-After minus Before-Before
