call_id,filename,Dur 90% (s),Dur 50% (s),Center Freq (Hz),Freq 5% (Hz),Freq 25% (Hz),Freq 75% (Hz),Freq 95% (Hz),BW 50% (Hz),BW 90% (Hz),Avg Entropy (bits),Agg Entropy (bits),1,2,3,4,5,6,7,8,9,10,11,12,13,14,15,16,17,18,19,20,21,22,23,24,25,26,27,28,29,30,31,32,33,34,35,36,37,38,39,40,41,42,43,44,45,46,47,48,49,50,51,52,53,54,55,56,57,58,59,60,61,62,63,64,65,66,67,68,69,70,71,72,73,74,75,76,77,78,79,80,81,82,83,84,85,86,87,88,89,90,91,92,93,94,95,96,97,98,99,100,101,102,103,104,105,106,107,108,109,110,111,112,113,114,115,116,117,118,119,120,121,122,123,124,125,126,127,128,129,130,131,132,133,stage,date_x,time_x,focal ID,Note,experimenter,session_number,conspecific_ID,phase,paired_status,trad_PC1,trad_PC2,trad_PC3,trad_PC4,trad_PC5,mfcc_PC1,mfcc_PC2,mfcc_PC3,mfcc_PC4,mfcc_PC5,call_audio_path,source_data_row,audio_frames,duration_s,sample_rate_hz,audio_channels,audio_subtype,peak_dbfs,rms_dbfs,pcm_full_scale_samples,pcm_full_scale_fraction,pcm_longest_full_scale_run,digital_clipped,positive_peak_samples,negative_peak_samples,longest_near_peak_flat_run,flat_top_clipped,near_full_scale_1dbfs,pair_id,sex,selection_distance_to_group_centroid,border_slot,border_order,border_side
3524,after_phees_2022-07-26_14-33-05_0000052_labelled_Olympia_pheeseq_0000012_labelled_mA1.wav,0.7264,0.328,6591.797,6347.656,6591.797,6835.938,7080.078,244.141,732.422,1.951,2.21,-14.0837866848349,-2.36421638360295,16.1680289991921,-19.3145067483877,7.59472572181589,11.355795328278,-21.8068394875838,14.0009071133617,4.1043943397227,-19.3986203003481,21.6792746004062,-16.1938353565576,-0.0234403142348193,15.2809845895439,-21.0638159386197,12.3347127850098,4.21397491390097,-18.5634139659565,20.3933496030396,-8.26018913758099,-10.9152786160958,23.9269861161991,-16.0699878741634,1.06879450431428,8.40668989041415,-16.2406607555529,12.7656407212186,0.181710627214511,-15.0459485493959,20.8246589909806,-13.5029955939754,-1.92016272245613,15.2169794810894,-15.1806714808717,1.55971098020086,11.0597460115988,-19.8789795355666,17.2830703077823,-5.0516391565178,-10.5023156532651,21.120750211726,-20.9468442142604,9.56913172109652,6.28455539190783,-21.2529938812178,8.03519987814852,6.5263786102144,-22.1806472674674,28.883768558177,-24.0057296637811,9.32660573457119,7.4762187315393,-20.6221796715644,23.8181480377709,-17.2517842633488,-21.549718085045,4.2989370394616,11.5761514846448,-25.0573275483884,23.9696547432435,-12.7747699216426,-2.00398626225638,8.12465557689343,-6.72134243998557,2.76671009803128,-2.66050209727518,-751.833326744092,-618.986335235065,-554.721623217666,-249.995030208804,76.5686596922381,-67.0992571312898,17.4570907698723,170.631174601001,140.881334093016,204.683874587255,273.207214235215,-787.593806116311,-680.644538395315,-588.590827277114,-241.718674086439,50.5739483692494,-62.1746700564663,40.0191889181496,194.784745981225,159.180298876827,245.577693335758,279.779125107956,-862.656555273205,-763.572258232921,-637.292377508638,-264.196187055796,39.0526570838983,-31.3658351377977,38.3083281953697,130.523783482261,92.6921959486419,168.434475562238,178.805765945943,-818.428546899059,-748.317670555585,-609.797551789894,-249.122544658285,7.32164381034147,-9.76801418045735,18.9561316153837,90.4556081565076,12.0366475814954,93.2644012957532,73.817122604385,-718.389552849799,-735.57711316491,-516.582537984963,-235.469052313846,4.62168525118553,21.4426869675605,-24.6462136427007,-52.9922364511349,-201.095225774415,-98.8049989735916,-214.826710461033,-694.275703016993,-664.369122402125,-504.361279292714,-227.591524629092,55.9129403254768,-20.6310642945486,-13.9570702563431,36.0624351445154,-82.8488010378724,20.9780487867862,-32.2870678724667,,after,2022-07-26,14-33-05,Olympia,mA1,14:30,2.0,Wuschel,3,partner,-3.990252846003312,-0.8779249787738864,-0.292212604160865,0.6946575367966366,0.0933291184260193,-7.843858582854894,7.938435608833922,-2.374981727591329,-2.733244624753262,-2.232718747285814,data/acoustic/example_audio/after_phees_2022-07-26_14-33-05_0000052_labelled_Olympia_pheeseq_0000012_labelled_mA1.wav,3811,190260,1.52208,125000,1,PCM_16,-9.321536696163747,-22.60872600714015,0,0.0,0,False,1,1,1,False,False,Wuschel-Olympia,female,0.563959002494812,0,1,top
2650,before_phees_2022-03-15_14-09-36_0000061_labelled_Olympia_pheeseq_03_labelled_mB2.wav,0.7552,0.352,7568.359,6835.938,7324.219,7812.5,8056.641,488.281,1220.703,1.816,2.568,-17.1911011106341,0.957215737388837,19.7242844579901,-29.6592653846762,20.0221591394733,1.54283751121068,-20.0851837624618,22.5816574935968,-10.6522083085116,-4.45003288778625,12.2286818119486,-16.9897856370015,6.85745002740703,8.88133747382224,-22.8928256910354,27.0910839476984,-20.1658489470686,5.3798479954522,9.47074654737872,-18.2120888322057,19.1534909993111,-14.2230219680551,-15.7758126433691,9.77224998865297,-0.054523977884815,-11.5215235970785,20.5591302427876,-24.110468782777,20.6895605914515,-11.5959772524257,-0.341375356916783,11.2104560623523,-18.5962711995177,-15.5399427968904,10.70526553857,-3.45709251299938,-5.97740301235308,14.4519390795829,-20.9361232025589,22.8366365307916,-19.7294847276748,12.2375869306966,-2.48458905446305,-7.60794770809481,-17.4237183094566,11.1221529839647,-5.40849290650737,-3.57185520956508,12.1082953598248,-19.7273630708845,22.16648010867,-20.8192633957991,14.4521122791118,-5.30754133065545,-4.94400602073533,-17.6647750588748,9.58946882308571,-1.01563590505594,-10.8897812177848,19.649929261348,-23.239344539799,19.5600905315173,-11.7256812873135,-0.247809966054972,9.85372310524523,-16.7734945210459,-663.559559353027,-581.7338837067,-518.455512225248,-194.916973516073,42.6120629320966,-48.3839699455948,5.33537199291992,141.618591459882,38.4796643595529,141.859912683347,160.637030193352,-656.309882731547,-667.858951998283,-484.99779790544,-219.091310957913,-1.32532543367481,10.9197934941145,-27.2482377618309,-34.2163597902381,-176.950938201056,-78.4357721411856,-174.891164639396,-650.281039726471,-678.94081567676,-433.528386153432,-267.186049403136,26.5322913755475,4.87379319567071,-35.2575695772971,-96.1542809947829,-195.844243286604,-128.056188776656,-244.460727952225,-623.908059006983,-641.077849433046,-395.463009043065,-276.191821537659,57.4346060089895,-24.7948460204791,-9.34704472960032,-46.3978204499035,-91.8992934718799,-33.6235113384345,-130.22815382802,-552.267308395732,-568.974133459802,-339.349213597041,-244.804738723098,70.6735113840176,-30.5735933252458,0.246622693476508,-35.5202317354615,-62.5683845654601,-9.84363373733887,-99.2448736822042,-537.721978713233,-571.227507863323,-351.174897276524,-216.704409584741,34.524299591214,1.59885607675293,-29.08273669719,-86.4268897677097,-177.383910785884,-109.758666105133,-220.156366647723,1.345632,before,2022-03-15,14-09-36,Olympia,mB2,EO/MM,4.0,Tabor,1,non-partner,-1.079476524462777,0.0101471270283811,0.2680290870239707,-0.2809531250781555,-0.2457315006600419,-6.588419959940037,-4.472880184816342,4.131976879163516,1.135147277993514,3.280191569381647,data/acoustic/example_audio/before_phees_2022-03-15_14-09-36_0000061_labelled_Olympia_pheeseq_03_labelled_mB2.wav,2708,168204,1.345632,125000,1,PCM_16,-19.2970945494078,-32.434684320000386,0,0.0,0,False,1,1,1,False,False,Wuschel-Olympia,female,1.0413174629211426,1,2,top
705,after_phees_2022-07-26_13-45-12_0000050_labelled_Lola_pheeseq_0000036_labelled_mB1.wav,1.192,0.6336,8544.922,8056.641,8300.781,8544.922,8789.062,244.141,732.422,1.723,1.933,-15.2622905544594,13.4639635320896,-9.1739326248748,2.48110459942615,5.13055976107295,-13.0558562153141,19.3427789533196,-23.2148129798893,23.8662813795045,-21.509802470992,16.3669143676752,-13.4251437379201,12.0917992477178,-8.88432719943142,4.11346147602952,1.3748977155775,-7.6698358653745,13.6603494038046,-18.6202374227082,21.6624346610854,-22.6656830987065,21.4891035726945,-13.9020580709818,12.6879037448173,-9.50534341960848,5.03860348582983,0.0132869871549381,-6.02889957633679,12.090302400993,-17.3039123620127,20.711627905388,-22.3773666930982,22.3080169954089,-15.1563195214439,14.0109158757206,-11.4458619061059,7.52715153043351,-2.92319056594051,-2.82543485670781,8.78771938170846,-14.3916985240428,18.7671639479305,-21.719237402607,22.9555554713266,-14.4654414611147,13.1054425535483,-11.0965989515609,8.08225665252621,-4.75920620773792,0.396253037892593,4.35634619659088,-9.19592125132347,13.3212233450262,-16.7653699259975,19.3140100889138,-18.7774270801248,16.3466376815683,-14.3835311835102,10.5055041141598,-5.98620525854061,-0.476387544851392,7.26319019206732,-13.7120865339166,18.3973058153372,-21.4702660393084,22.3896664827197,-815.813131721079,-780.786483010991,-519.219959126455,-363.337103643476,87.9744205415674,-77.9540379655725,57.5031532312333,76.8679128076318,128.967011512985,180.427576258323,129.719706515124,-882.495874232264,-818.980005758584,-573.007660905661,-380.352113325441,81.5202594498122,-80.5715899133949,70.7809616979774,107.855576748627,179.545704404456,220.16737116136,195.451164156386,-865.644735213344,-796.643635193398,-561.68773663529,-368.949908477693,80.6030841640254,-82.2181840585193,75.1272001740758,111.886235333951,189.551644605999,224.821057875095,207.584808318477,-872.55092459509,-788.409478535971,-567.534099767866,-360.708231105861,80.6006668666947,-84.4083257125047,81.6809480710154,111.541693349797,201.866088433844,224.510369095127,221.764682265306,-884.957575832584,-786.131039705711,-583.752407420973,-351.831214563521,67.4624544916181,-71.6705864317926,73.6682412426396,91.7882938561604,175.392015449642,183.556669305415,193.42540309269,-817.117972830468,-725.501577338093,-521.223559407858,-326.882914628293,90.8343100275367,-88.1108897325095,86.6968033632051,101.810623332376,204.596422123667,213.039511682897,220.655818069312,1.97524,after,2022-07-26,13-45-12,Lola,mB1,13:45,3.0,Tabor,3,partner,-0.0835496374884189,4.422494063677923,1.0978349744976916,0.5939971424771768,0.267936116570436,10.2192728320207,4.53481674891464,-0.750419769522829,1.1682744632602948,-3.15765923597496,data/acoustic/example_audio/after_phees_2022-07-26_13-45-12_0000050_labelled_Lola_pheeseq_0000036_labelled_mB1.wav,706,246905,1.97524,125000,1,PCM_16,-8.139727875122455,-19.952425791221103,0,0.0,0,False,1,1,1,False,False,Tabor-Lola,female,0.3306768536567688,2,3,top
2747,before_phees_2022-03-17_14-11-17_0000076_labelled_Lola_pheeseq_04_labelled_mB1.wav,1.1552,0.6272,8300.781,7812.5,8056.641,8544.922,8789.062,488.281,976.562,1.834,2.453,-16.6453112947192,8.78165023916073,-0.041597154922262,-12.1225527879894,20.7878834409975,-23.8073717612869,17.847133785089,-7.45922817518561,-6.52125715409101,17.1992351476558,-22.6868296828517,-15.5408085001431,11.4498714086013,-4.43225948141711,-5.05893719216521,14.3588620205881,-21.75984142269,24.6948252146716,-22.6343013936872,15.9473941463018,-6.47709510080497,-3.92817542118372,-14.4265682988804,11.8390548666643,-7.14495039080006,0.467445264827285,6.77101049490004,-14.0357907693267,19.6255619403963,-22.612970337739,22.168300869452,-18.6723911078162,12.6538047854645,-14.3085707431202,12.3633408539718,-9.07667912705628,4.46907381993614,1.08897885983682,-7.81463307867634,14.2180731455645,-19.311663533369,22.021616453267,-22.4725024144193,20.0918415709632,-16.9328338223849,14.0728045583377,-11.9090253202222,8.59658127420092,-4.29620001896298,-2.54430380578485,9.28687225713457,-15.5703331596316,19.970289225616,-22.8200184585182,23.6221163667056,-18.5870035573239,16.3002874234617,-13.5200969649402,8.51818676779404,-2.31573492608593,-5.58673029391139,12.5500698638967,-18.3216615937145,20.9407160638013,-21.482317136974,20.0341773860413,-594.667958659334,-625.642489148142,-401.176596691292,-230.768256861762,15.866224226199,20.6172592061731,-40.8857039088581,-115.036424072292,-226.946689873132,-163.740497634175,-280.03586828279,-726.905190309947,-737.546366330014,-463.434116451788,-326.158280295511,65.2535573405666,-35.383670363429,0.0644667954443971,-28.5200036659893,-60.7419467413969,2.99434447598079,-95.5758440812605,-772.135066822788,-745.967161968612,-491.300995638025,-345.397460492181,82.0611896883587,-67.4123098768016,43.9929127678197,59.663359206319,93.5970287466907,146.862164916789,90.2105004751888,-743.212093968825,-693.488248600314,-472.30042390938,-323.931097732961,84.6015332701555,-80.480866753477,66.2175988211794,97.9874637737041,168.317572763171,206.124439201115,180.410383235366,-711.53646572105,-640.205391276588,-447.965692436095,-293.402071181231,89.9339891128234,-86.6841050214763,83.3817166848652,113.989077190039,211.593328980401,229.708139212439,228.664114124699,-714.117079951709,-654.892760465827,-445.567630650369,-300.312617124819,92.2804480289402,-86.561871088553,77.9935563695932,89.7131719231499,178.069931789396,200.741092567996,184.707364195341,1.94304,before,2022-03-17,14-11-17,Lola,mB1,RB/MM,5.0,Odin,1,non-partner,0.4006012443388249,2.998698348413441,1.8762024538149529,0.3030946205292534,0.3280434359424972,9.12834623944112,-3.1165558336242873,3.5794565409987924,-0.9508708371787122,-2.4586794186950582,data/acoustic/example_audio/before_phees_2022-03-17_14-11-17_0000076_labelled_Lola_pheeseq_04_labelled_mB1.wav,2840,242880,1.94304,125000,1,PCM_16,-16.113426662229855,-29.337209873638592,0,0.0,0,False,1,1,1,False,False,Tabor-Lola,female,1.023477554321289,3,4,top
834,after_phees_2022-07-27_11-30-41_0000057_labelled_Lola_pheeseq_0000013_labelled_mB1.wav,1.3632,0.632,8544.922,7812.5,8300.781,8789.062,9033.203,488.281,1220.703,1.734,2.726,-21.0295857743524,4.23243275017451,-2.70611583688715,-8.75356233371053,16.3089988401714,-25.4007028088016,19.8649887609051,-15.0394161492991,0.543869488575493,6.80009413980191,-17.3888972499472,-18.6224548347688,4.6253319527776,-10.1058231284977,-2.68227098434527,11.9989327493642,-15.4529045157594,17.0213296711429,-19.0675800631617,16.7501258377078,-12.2947761122119,0.723540933049334,-16.9316145843776,13.4254611039672,-9.97366663344519,2.99291118316405,4.85037086929921,-11.235731401389,16.4922635182439,-21.8592386947579,23.9929245079267,-23.3736630215415,20.2107678222491,-15.7303456878832,12.9898443116595,-10.3306460813698,6.27127748269236,-1.22710188794123,-4.76700475926375,10.7001939224369,-16.3792080840869,20.2236184917326,-22.0038156283663,21.6841904988756,-18.691364102261,12.8473438020169,-12.5771192785202,10.1515095117715,-5.74496148860058,1.36430728326932,3.12703381491902,-10.0748463322062,15.2255575993995,-19.4873829212997,24.3639822167492,-19.1403467216329,16.6970772839021,-16.4079469548702,14.8338448016132,-12.9861454774629,8.1833754098163,-2.60261642221348,-2.74811246128524,6.61660762676581,-11.4663938325753,15.0262273604514,-667.633317201763,-686.745413418594,-428.851157884024,-259.896628087405,56.9733430737842,11.0048838244541,-33.2391282753924,-90.5545533104255,-163.424429416515,-102.346164736959,-216.118512212149,-804.405485755601,-768.554010623589,-504.475885278627,-318.897919592446,111.895258709955,-14.8608065971957,20.367651491873,-14.1578748057063,-22.3950044440708,39.3680726687179,-24.8526447277969,-769.653334472161,-729.808554082732,-488.66489467979,-338.268339713506,96.5472746918669,-83.3591301848184,69.2996151925465,98.1774151645675,161.703669763941,217.299366154904,177.104154239477,-759.144983900219,-693.648134979887,-484.977590478943,-318.786951831986,86.7320972968813,-81.6855213639765,74.52330442233,105.435332056274,187.342140930283,216.344139934941,204.73533219617,-690.423862563522,-602.39287683591,-440.116127226028,-265.214766980624,89.522220362349,-77.511592643943,89.3496132423886,117.571865311302,222.496159836406,233.72562665467,250.392493626935,-708.56801772071,-590.330383654009,-454.919476966256,-248.987322653591,65.6524398315492,-68.3606061915491,75.1099996960769,54.7263343132915,159.117453397602,124.216238527694,167.150255256267,2.035488,after,2022-07-27,11-30-41,Lola,mB1,11:30,4.0,Wuschel,1,non-partner,1.0811306796595268,3.414578879013997,2.553143807963042,0.0198660661088791,-0.4019433174964773,9.622890147078044,0.6038711914243815,3.2676624695155145,-1.0662422940729883,-1.5779367027281932,data/acoustic/example_audio/after_phees_2022-07-27_11-30-41_0000057_labelled_Lola_pheeseq_0000013_labelled_mB1.wav,835,254436,2.035488,125000,1,PCM_16,-17.29896280162702,-28.409769510448225,0,0.0,0,False,1,1,1,False,False,Tabor-Lola,female,0.09226497262716293,4,5,top
2815,before_phees_2022-03-21_13-47-05_0000098_labelled_Lola_pheeseq_17_labelled_mB1.wav,0.9088,0.512,8300.781,7812.5,8056.641,8544.922,8789.062,488.281,976.562,1.808,2.143,-14.7701208839831,10.8802276218809,-4.2777971057685,-4.63397661610369,13.2637062393304,-20.1820459896114,22.9706506822619,-21.4046161177085,15.5022651982326,-6.90173156528909,-2.68482964341272,-12.6584933525009,9.92162198867906,-5.02668997058905,-1.49946285200937,8.19361644748609,-14.4386759446391,18.7790779590447,-20.412411633059,18.7364271792482,-14.2772638704835,7.68974945781353,-14.0355851174371,11.9357202370972,-7.32536056390581,0.789073882722885,6.21670558793664,-13.2309233591857,18.8109778006629,-22.0986050266004,22.2082708710055,-19.2570736070474,13.6568805615886,-17.3499622344344,13.1578851271978,-9.29752633589893,4.15714920015407,1.33111834056432,-8.68174544096305,15.6401469482256,-20.9893197153207,23.1439798944569,-22.8224830217474,20.0187746163611,-12.6312385883778,11.5248830102305,-8.70643544956152,4.32035725756633,0.747321312050086,-6.45796504597517,11.891538565769,-16.5323912541306,19.5970266462052,-20.8639340748381,20.0586269572982,-15.0435374599183,14.9170575169513,-12.0291088433822,6.77048172932627,-0.378779717034015,-6.6478205475654,13.1271541503983,-18.3237081377896,21.4033579954971,-22.3250193132758,21.2269585584538,-704.901629050716,-711.453936507511,-450.575495530194,-315.530856678013,63.1838393126477,-35.6219843969548,2.82315279157417,-20.9567763928502,-48.1105705913064,12.2749025147169,-78.6198496412253,-790.002059644725,-764.872717791732,-510.619046486752,-350.095773616617,69.2499040284202,-52.7466280376791,27.6442404332922,35.5254216387886,48.3262990087805,100.403360566427,39.8228271531203,-796.872449891833,-765.237548054886,-510.064968919256,-355.202549593239,81.1251276499059,-69.3513666777649,46.9059709313898,65.1367442110381,102.957448598335,155.048504832835,102.461241358072,-739.843918317016,-691.349297004937,-461.665093521628,-318.918636467215,96.5706059151415,-82.5808631280015,67.644455976763,98.7318282768807,167.776277305003,206.82894661897,177.129640749504,-859.622125732727,-793.740423972062,-561.034293231971,-366.946970850775,75.1588638723682,-75.2061618226492,67.1323600903803,99.7805457573821,168.797632553163,204.211269921632,184.287169854725,-876.11437001705,-808.364811816547,-566.290580659915,-374.569999189726,82.9595085681082,-85.3533526710698,77.6261543143755,99.5649284566512,182.245588060633,214.723463603686,194.250396718595,1.631232,before,2022-03-21,13-47-05,Lola,mB1,AT/MM,6.0,Tabor,3,partner,0.3772434983755909,2.637667648487504,0.5767679164655635,0.0734880701487114,0.582194680563315,8.943541157373833,-0.3604591812100347,0.812369645904623,1.05308265194112,-4.144966251409437,data/acoustic/example_audio/before_phees_2022-03-21_13-47-05_0000098_labelled_Lola_pheeseq_17_labelled_mB1.wav,2944,203904,1.631232,125000,1,PCM_16,-9.907576628517534,-21.778184177562004,0,0.0,0,False,1,1,1,False,False,Tabor-Lola,female,1.07939875125885,5,6,top
1722,after_phees_2022-08-08_13-21-22_0000080_labelled_Nougatti_pheeseq_0000019_labelled_mC2.wav,0.6752,0.3216,8056.641,7568.359,7812.5,8300.781,9033.203,488.281,1464.844,1.829,2.871,-15.6279222266512,8.53089374621412,3.77680469223379,-16.9938948432388,25.136289992092,-25.0466169307186,15.9050573418946,-1.55409554129776,-12.7596934433687,21.3681175121059,-21.8912143175539,-17.5685345410624,12.1986754832343,-1.68498380793774,-10.6960176575204,20.98511247191,-26.8282238961277,25.4623979268357,-16.8668185968691,3.57489326365621,9.41089913283589,-18.3376601063722,-18.9617461091092,12.9300241026251,-5.95101924567905,-3.46794958744675,12.5726007139742,-20.910799828674,25.1157106634959,-24.1739128959988,17.8404025672215,-8.46392659363561,-1.76473983392609,-20.1753257480607,14.8990527349913,-9.75847341950698,1.38087018715575,7.14291974773922,-16.1584845156155,22.802807993863,-26.2429767427193,25.1884385145187,-20.753932376298,13.5659162838557,-20.3209385523294,19.4905686258291,-16.8188722971671,11.4037878942641,-4.67317532487509,-3.64400457895407,11.879573310703,-18.6681388060602,22.4586990301757,-23.5511895848487,21.9916096151146,-20.1094168726663,20.2045311096539,-20.085234522591,18.6777465498627,-16.3753230798603,12.1674918509051,-7.21206265917997,2.2825075707251,1.60227644149189,-4.39446073453109,5.47466830514764,-668.680869311453,-700.256623606899,-469.546179093095,-251.144518665876,-2.57826951756397,23.3877666104443,-39.8854844546174,-96.5070727258128,-231.314139664584,-150.572962952385,-273.718816544593,-706.104352832751,-739.972954604367,-461.172299426482,-300.472362508734,35.5397862095038,-3.23579061058341,-31.1489879399179,-97.944146135506,-193.141797280573,-122.292155329636,-251.186422640606,-745.343321299274,-747.482644387924,-465.979339578812,-328.124453570764,80.5873932865739,-43.0703540139232,9.0296772676151,-18.5807442558159,-37.9620968998383,21.1560922097232,-72.8053808460557,-754.13173518273,-734.031903684397,-463.705604569422,-334.142439331526,105.612176741154,-77.3590102567068,52.8996964295445,61.2039087944398,101.880449489286,159.18219189035,93.5539164385237,-767.264277596575,-694.058089856977,-478.25000957866,-319.648774676963,98.9915267768745,-97.9254236257532,89.6166096947839,93.1103974110546,198.907004172199,213.730973116798,207.036010851012,-798.711623136269,-655.426195663959,-524.898714829805,-272.253127163763,52.3167916677103,-56.9606520220863,59.0932042202975,-11.5719048940368,86.0179885261586,21.5456120424537,77.9373188275683,1.159808,after,2022-08-08,13-21-22,Nougatti,mC2,13:20,6.0,Tabor,1,non-partner,1.0473763112774894,0.5850061393431912,-0.0519248737042414,-0.3992200187365336,-0.653999230761343,7.458548953394257,-5.595124973397062,2.2150690797367365,-0.0103818041446364,1.0207158220604995,data/acoustic/example_audio/after_phees_2022-08-08_13-21-22_0000080_labelled_Nougatti_pheeseq_0000019_labelled_mC2.wav,1723,144976,1.159808,125000,1,PCM_16,-7.0082690993030505,-20.62407130588088,0,0.0,0,False,1,1,1,False,False,Odin-Nougatti,female,0.2968963384628296,6,7,right
1908,after_phees_2022-08-08_14-38-44_0000083_labelled_Nougatti_pheeseq_0000025_labelled_mC3.wav,0.6224,0.312,8056.641,7568.359,7812.5,8300.781,9277.344,488.281,1708.984,2.069,2.98,-21.0042116037264,7.21434694452549,3.2913259825021,-16.5582732806228,23.8165927392471,-24.3943416466171,13.9230830719477,0.962034810367013,-15.6805845364606,22.5536660154442,-22.4535202652601,-17.6911209640434,10.9380607747883,-1.50211285823771,-9.49839246559742,18.3511889132301,-23.6081050442716,22.6551716918409,-15.5148576094729,3.87761922400253,8.12362488676933,-17.115738233034,-16.9151309706233,13.4393108738646,-6.30003640536948,-3.26629822049293,12.6535558677998,-20.6208264546847,25.1280759611951,-25.1234923891557,19.9851789670748,-11.2100796835176,0.980954768847358,-20.7937663031572,20.5569343807164,-16.8510838591582,10.3288035037107,-2.65359033414458,-5.92066501193701,13.8499855972733,-20.065439750139,23.0630813027767,-22.7168978510837,19.4838374670152,-23.4571000982356,20.8045776454943,-21.0277548924947,18.5934573901302,-14.573974932453,8.93211031488737,-4.63322160514416,-0.649214501917492,4.47608044898585,-5.34657578931616,3.70886647083034,-18.063574010386,7.84618768093417,-15.5352211579303,11.820327718521,-13.7123903971259,2.66718105165077,-9.16361047996977,0.971106929969125,1.86369774166072,-4.85115418263861,0.804985295350371,-643.965404684783,-667.967156582234,-443.969472487865,-215.403669040823,15.9650176794845,29.5886512414672,-39.281545197279,-98.0989792363565,-230.419563343296,-154.97057036625,-274.306136314016,-770.029082278996,-782.771876296879,-504.566208766696,-319.408580574266,41.1210621208831,-2.84749481449538,-30.4423413857412,-92.184257114295,-178.293945504851,-117.538381233833,-231.112359604059,-818.70784968963,-814.7663149973,-521.172102530519,-367.675997770088,77.4145264606687,-50.9817843561264,15.4532005718723,-4.35019479128238,-16.265890404271,47.1704314348638,-44.0925572394717,-854.323034224877,-782.438006654409,-539.39472662898,-359.70814858429,98.7129384283849,-97.637744017677,83.4911497759512,78.6530492839076,173.379464280035,194.038876123581,176.225486777006,-795.171965178345,-662.642178483294,-516.165279235314,-271.978579421339,70.4990652461088,-56.6376981715868,55.6451718610339,-24.1379096216266,69.4484489455123,12.0822368190353,53.9636095259769,-737.174335366462,-629.404790764012,-502.169443109836,-255.775465106075,62.6739194443426,-15.7422724154655,44.8024822655356,-4.51860486220188,66.5978459390364,21.066048585211,42.9147327827926,1.391856,after,2022-08-08,14-38-44,Nougatti,mC3,14:40,6.0,Odin,1,partner,1.6826875743688878,-0.095772687958721,0.0063827093870665,0.4765487154206972,-0.5229772684392826,7.247172359395646,-3.035380718048604,0.594350902945823,0.4766612185567948,3.031379828861145,data/acoustic/example_audio/after_phees_2022-08-08_14-38-44_0000083_labelled_Nougatti_pheeseq_0000025_labelled_mC3.wav,1909,173982,1.391856,125000,1,PCM_16,-4.996135860351652,-20.441687510879177,0,0.0,0,False,1,1,1,False,False,Odin-Nougatti,female,0.7532598376274109,7,8,right
2367,before_phees_2022-03-09_14-59-42_0000020_labelled_Odin_pheeseq_14_labelled_mB1.wav,0.4368,0.2176,8789.062,8056.641,8544.922,9033.203,9277.344,488.281,1220.703,1.845,2.555,-16.1617308411978,6.02636711950266,0.779266023414032,-12.5374407201478,16.6811412143016,-17.5039377474241,7.80958769891404,2.3130169835679,-15.5515212193688,19.8219183409663,-17.4425176051047,-17.9781171974334,9.13414522277366,-6.07283256682633,-4.16404164587345,11.1449830686044,-20.6416379354339,20.0769794122235,-17.9991934623193,9.04830114951712,-6.1689728203639,-2.16330463024587,-16.4550634997222,12.4747410575569,-11.5696335392643,6.18680602364496,0.684126139349042,-9.22087331326142,14.7106249011529,-18.5856478659641,19.6443055989006,-20.5798968543111,18.0668173826068,-14.3556836646518,11.6730969424334,-11.3139154281195,8.23001272816182,-5.52539631334764,-0.340129025619144,4.66629076043729,-9.75282549507249,13.1168384688629,-17.2469252307062,18.9401733754301,-15.6114594665188,12.4297889265944,-13.7796898911127,12.6119607709276,-12.1522530820418,8.68605957652536,-3.73745719728934,0.0938314836135714,2.65032533068822,-8.51819887082344,8.90774155783995,-18.4056470208941,14.8568099478741,-16.0544378791017,12.9192983197622,-8.63136416775413,2.33275215451966,3.66611179235284,-10.0442599086184,16.1638982963164,-20.319871805884,18.2473079593993,-391.445819743422,-413.43487736834,-273.851599299829,-121.249895630965,0.394934403235774,27.0192050495499,-20.4574274670814,-70.7006807395485,-169.305684101306,-116.91270090586,-201.321453699636,-419.681709846529,-449.436598742265,-250.799580584693,-179.66843361027,62.5276850010624,-34.5873783127925,8.0723988577905,-14.0052630666069,-30.4484983228203,27.6526529777281,-59.8710130430652,-464.168322950207,-444.89272042906,-273.190179781239,-201.903283147281,88.3691471678562,-74.0951432503914,66.8012794200166,81.8837527812688,156.111973035196,190.946782508682,158.873903475858,-470.361321699969,-414.230447995196,-291.534262048852,-184.981327813259,69.0025918448736,-68.1618163742949,72.4573144325621,90.8743069536577,176.75685145261,183.152190096748,191.00829549075,-479.716433034793,-383.089170770162,-299.460663960938,-151.388174014436,52.1978310531298,-51.1233682141444,48.3721756031057,20.3423727005747,101.583391659292,62.7075605662506,106.963298126163,-476.929412189861,-405.892084304888,-285.463091556323,-177.150718937215,92.429524877031,-77.6813589854321,74.7029858420684,69.1405935231649,174.14513636008,166.068357119776,185.933487363688,0.84024,before,2022-03-09,14-59-42,Odin,mB1,EO/MM,2.0,Nougatti,1,partner,2.540863665406301,1.5049247436372657,-1.766573325432513,-0.4980023512610556,-0.0169623406525586,5.6731078116028115,0.7456179719429191,13.51459828545758,0.1664818542713759,-0.6796972202977373,data/acoustic/example_audio/before_phees_2022-03-09_14-59-42_0000020_labelled_Odin_pheeseq_14_labelled_mB1.wav,2368,105030,0.84024,125000,1,PCM_16,-31.89609867105861,-47.25995822538459,0,0.0,0,False,1,1,1,False,False,Odin-Nougatti,male,2.7322487831115723,8,9,right
3471,before_trills_2022-03-22_14-08-31_0000109_labelled_Nougatti_pheeseq_09_labelled_mC1.wav,0.3744,0.1712,8789.062,8056.641,8544.922,8789.062,9033.203,244.141,976.562,2.053,2.446,-10.1290076809961,1.14751826647396,1.34861272263634,-9.30948224836415,13.1136972460761,-13.0486421668206,9.88296147165133,1.24959608870688,-8.0546190447173,16.4618781054021,-16.8733697070632,-13.5797674958978,6.25753776462058,-5.82001575808611,-5.16412953483377,8.71580011691132,-17.8169492435462,19.119556381627,-18.5023846349095,8.58825751929023,-7.24691985208378,-0.288395248626365,-12.0071222540549,6.50968488879532,-7.82344056244948,2.4099007943489,1.39580861179831,-8.19627385256087,12.3067299044276,-18.968042776759,15.4987265471785,-16.2444811918555,14.606982973306,-12.2107925201873,7.85364648729406,-10.033916938807,5.52025033747628,-5.56501592069996,-0.991680260461211,3.36733522028515,-9.68112471218455,10.7599537577481,-19.486474979901,17.9254824949797,-12.7933079012154,7.85809118755522,-12.0302009050715,9.10531405486633,-9.19404326158764,4.30062028340341,-2.38328511608504,-2.11887086216205,4.65350234895264,-8.24250350484017,12.1686506733352,-17.3434797872549,12.7147250217739,-11.9851174029459,1.21302393468019,4.50357683831828,-14.2011474940986,13.4956989136282,-16.1139115798716,10.3799621566688,-9.94679881165938,2.81234593327076,-732.78975063578,-705.039573950215,-496.398256885268,-256.057279165075,21.9333255913873,50.935164953369,-23.6122429835587,-79.1332906661373,-169.722830774019,-140.632585951,-212.366971239325,-765.60051245563,-749.318851465807,-489.515335675023,-321.360257275289,51.6186574328755,-27.0657645701241,14.9375904994835,3.09911096880465,-10.9915579550722,39.4416870935689,-33.7846192945398,-770.017810193916,-715.918382003792,-494.241309854349,-332.600703255274,63.2443784951146,-52.8951288433061,51.1926151309706,75.5174337645128,128.578535646291,164.37209443636,138.994066543125,-792.989047016732,-705.012384808048,-521.100425720315,-315.242086887141,59.5692452335526,-68.4492727374515,60.7779166881878,90.4954529756361,170.024426210714,181.721835997408,192.795425669615,-800.222653830714,-688.51001463901,-530.377606096026,-291.348244188627,54.3454926580305,-29.9888806960632,66.0275537100225,58.2919681671945,132.035105845649,111.218120323365,136.511758591113,-810.092500054266,-773.950781692486,-530.771493262954,-337.477308778303,59.9553191751276,-49.2126056086825,35.5503916567763,6.7165558871389,29.0759634694153,66.288813571292,11.6692729161315,0.74868,before,2022-03-22,14-08-31,Nougatti,mC1,AT/MM,6.0,Tabor,1,non-partner,2.09737131758704,1.379965176433736,-2.6149330361769305,0.6810722973713723,0.0707784919854231,5.843564419303992,0.0381959389671298,0.1176130315587026,2.292348581593858,-2.9096676064002245,data/acoustic/example_audio/before_trills_2022-03-22_14-08-31_0000109_labelled_Nougatti_pheeseq_09_labelled_mC1.wav,3729,93585,0.74868,125000,1,PCM_16,-20.135711438135505,-32.70702252140458,0,0.0,0,False,1,1,1,False,False,Odin-Nougatti,female,0.9862294793128967,9,10,right
2936,before_trills_2022-02-28_10-15-58_0000046_labelled_Nougatti_pheeseq_08_labelled_mB1.wav,0.6,0.328,8544.922,8056.641,8300.781,9033.203,9277.344,732.422,1220.703,1.788,2.617,-11.4219507316727,3.42778201358003,-2.29945742852004,-4.98963800654835,7.23191853623853,-13.6615258372984,13.1946856131383,-12.512473761212,6.39681949112452,-2.75837607697182,-7.61477827233469,-12.7825242583337,6.31929190036009,-5.54064549470419,-3.11761468072839,8.1648571987314,-14.5535505581857,17.0377366882162,-18.5156447818522,13.946866424152,-9.94775312659544,-0.0404825855720981,-15.2840276495288,8.99074192753524,-8.80951245309296,0.98178135837662,3.77331092565845,-11.0382293978977,16.6617291285966,-20.1903471973768,19.9599126544274,-16.8481433355028,12.2123903847042,-17.4753799466302,11.8199851883312,-11.8687980340867,5.67234728862711,-1.37584946163872,-7.08386444410209,11.2774428833888,-15.3726717632371,19.3578681731281,-23.3658948010425,20.7160429360496,-16.9149262762854,12.57540737088,-14.9704917609902,11.0017375810255,-9.61837378570335,3.02029020813085,1.08624518799404,-5.88728882275706,11.1329547255233,-16.1804057812118,18.4973867835963,-15.015375234085,12.4844031797339,-14.6924863084382,12.6063022751639,-12.0806726395533,9.27211136078954,-5.66929486216241,1.59936791519987,1.72009515134221,-5.5752877526119,9.47353210421657,-789.083663459125,-755.491292117299,-520.62542006233,-321.595742043803,45.7707118193795,-7.73870603570117,-15.0886436006705,-40.0322180902256,-73.1113746261078,-42.4576081822689,-101.424366797541,-804.550725895021,-773.498761637218,-519.21856667975,-341.8801031349,66.1335811716892,-28.5288250640165,9.11216052610195,-6.18676637316899,-14.8707021116931,29.7805894519257,-30.9548179847376,-856.809417359633,-803.992656844297,-542.715860609213,-358.887126590744,92.3549662481934,-46.5031046381596,53.8189229276095,61.9180301330683,97.9517035580782,136.712415793169,92.9763469514343,-885.001153817555,-811.649197932862,-569.3084295984,-356.385844038126,99.2912917265497,-76.5002670945514,76.4032655619352,101.966824358614,182.651268798725,213.051033840084,192.818831571439,-893.696339106757,-776.602283347568,-583.178449821466,-331.64874947077,80.9354619513971,-59.7863469826945,84.9201620831993,85.9751960770259,183.423498236344,170.275594359448,192.205249882423,-904.070805874071,-762.617886433314,-602.536057974733,-320.043638274119,48.9989677262841,-38.6035102925789,62.0480957034932,29.826125334222,109.932079470306,69.7359292037529,114.749494195143,1.271568,before,2022-02-28,10-15-58,Nougatti,mB1,AT/MM,1.0,Odin,1,partner,2.3036372698984757,1.5627574121361345,-0.4277515128822138,-1.0430012109324087,0.4642208154955687,8.449039674883785,0.8047173111267214,-1.5756628755884052,1.8340268173923588,-2.8035291451682807,data/acoustic/example_audio/before_trills_2022-02-28_10-15-58_0000046_labelled_Nougatti_pheeseq_08_labelled_mB1.wav,3092,158946,1.271568,125000,1,PCM_16,-6.184898463928873,-19.965739498078584,0,0.0,0,False,1,1,1,False,False,Odin-Nougatti,female,1.4574719667434692,10,11,right
2093,before_phees_2022-02-22_09-14-37_0000041_labelled_Odin_pheeseq_25_labelled_mC1.wav,0.7632,0.3056,8789.062,8056.641,8544.922,9277.344,9765.625,732.422,1708.984,1.819,3.06,-20.3571838049421,10.793303213971,-0.136814810190253,-11.381171375054,20.7797223277309,-25.3433040812002,20.2548100461632,-6.61133785183085,-10.0426326158174,21.3222988413401,-24.8895142775763,-18.8555094274103,13.609917056803,-4.0191166546381,-5.94542477650236,14.2098665647708,-20.7510585966382,23.5722805042349,-21.285977013513,14.1289416497145,-5.86444856837327,-1.2479377699867,-19.7817014971547,15.3092181869784,-6.78700717728789,-1.26512226198257,7.04798283923188,-12.2702806600579,17.0317172611324,-20.629136710357,21.5175561140166,-20.1469973910025,17.0505359759438,-20.8210191283565,15.286643411755,-8.59125306253676,2.77408864209747,-0.387870200431803,-2.08917618844788,6.51694417231144,-13.3092211142582,19.5308946945238,-23.6292590159617,24.5634051241564,-18.1810248778192,16.6287802428794,-12.1707102004208,7.98497133934898,-6.27362395328892,5.40486949221975,-3.36321227207115,-1.22112015757148,7.3860817240203,-13.5803092166425,18.0217679553317,-17.088442627103,17.2090109897869,-15.6602734202965,14.3215209614299,-14.6121370853889,15.1561455403765,-14.7379783116825,12.4440315336553,-9.0130543651783,5.28774888627355,-2.14321148095603,-566.416568650493,-604.896478783825,-373.049466583518,-206.330694278367,15.8653985656539,21.4132838574735,-43.813130878089,-128.007318242911,-243.670588964665,-185.021048269973,-311.317403014628,-703.24271795265,-710.464925739251,-444.860959162746,-307.480543798491,67.6272825951611,-44.7719781222046,10.6308759160053,-7.25358377620056,-37.540762962379,28.2510275512925,-65.3040034073232,-733.882747605462,-701.485788734594,-463.609105918023,-317.406104647657,94.0142562314441,-85.6554669128583,59.2848377251375,92.0026977528365,128.49243920383,188.23204792297,141.377786008949,-768.662232909412,-687.925811793664,-493.322017514367,-307.186113021593,100.973191352633,-96.5589715796532,82.0260746366959,131.944876769185,205.535729238152,241.527471012414,244.061407522007,-848.787838732728,-731.163191636583,-570.022179411855,-312.956024779092,63.7536192155756,-77.667753377387,76.7674926598631,85.8122987681597,165.443034419553,163.743996991774,196.142034882918,-859.218475464948,-699.801276706183,-592.154423480343,-278.079257145781,20.6858294754784,-31.6242113305418,35.4529829655926,-42.464022317947,16.0108823678049,-53.7177707381513,12.9260636802865,1.22752,before,2022-02-22,09-14-37,Odin,mC1,AT/MM,1.0,Olympia,1,non-partner,3.5566306563433434,1.3977203729806666,0.2625815102670685,-0.902020007355186,-0.4165741107064959,8.574644654176945,0.8087367102695883,1.8663109969408576,0.3627709224224753,0.8104168017375887,data/acoustic/example_audio/before_phees_2022-02-22_09-14-37_0000041_labelled_Odin_pheeseq_25_labelled_mC1.wav,2094,153440,1.22752,125000,1,PCM_16,-10.064912778579505,-22.02389584898489,0,0.0,0,False,1,1,1,False,False,Odin-Nougatti,male,0.9132997393608093,11,12,right
1871,after_phees_2022-08-08_14-12-29_0000082_labelled_Odin_pheeseq_0000041_labelled_mC2.wav,0.5728,0.2544,8544.922,7812.5,8300.781,9033.203,9765.625,732.422,1953.125,2.04,3.15,-22.5248401165348,12.4597887217448,-2.91914236473999,-9.8774866179,19.4471811708199,-25.7634620990046,24.0233725346227,-15.8240167251108,3.62742585041984,6.99829661949679,-14.2548608491896,-20.0439548277695,15.4887042776953,-5.45061616442044,-5.38945122691107,12.9556679564447,-17.1655927052775,18.6063187546791,-18.5401273666802,17.2380430279069,-14.8569619693015,10.8022198100596,-20.4154233341708,17.7611938977898,-9.92473577243928,1.35013984108986,4.53930143129037,-7.89719396611426,9.75305987577818,-11.8167407264567,14.7179151628763,-18.5387851102258,22.2237723017528,-20.8473002051212,21.6351295220336,-18.2258629985482,13.7713482063189,-10.7928258189874,9.14045881905887,-8.05243741691447,6.14532609020391,-2.98640160692624,-1.2995442190579,5.823935215188,-15.0353191919851,15.324943533098,-13.8116192810774,12.6611899489458,-12.6659926274952,12.5308067370889,-11.5123423147772,9.25838089217755,-6.54326678923284,4.09468125737983,-2.35513276289599,-29.9334814722524,15.7820411152067,-12.8614729550564,13.1198692823302,-14.6496617765459,6.81604478928999,0.756007667694641,-6.79010631419351,8.45414347835274,-9.55011849980779,3.35859267182607,-722.424988861395,-744.34406228248,-463.632059301726,-288.612710126205,57.7567018448726,-9.52313261413136,-16.4155894925146,-73.4880522323874,-154.016517753611,-83.5442700999446,-205.423196775391,-867.571378911739,-843.012782847323,-567.419631337241,-368.237266166711,83.3792248494115,-73.9673888923092,43.7990271522705,61.5553254539072,63.3646124686106,140.707824363122,69.5981810954082,-900.491410985758,-833.329587055065,-595.608477931978,-361.858555234898,81.9078076046799,-92.3919659167207,85.364938145651,120.229615452914,179.320162753631,233.482885544688,207.778660478259,-915.720734291125,-774.794699804679,-621.876021165277,-314.209163164581,40.6901458732979,-58.5319666196573,63.6042312740814,2.24666087175709,76.825348280032,36.5305785529063,79.2854709818366,-852.426519397953,-706.031712460508,-585.595526097041,-287.819322220403,20.2366924089914,-28.7679594281576,29.0994458296409,-41.0358866874436,9.7363404274067,-51.1110226281064,3.71475127470191,-678.728757313797,-557.96699102435,-403.306536684604,-214.631664614135,106.765194266682,-61.7960709086373,29.4717585674299,-10.0545338644379,64.1058192637447,9.1797937080511,43.5740465331649,1.258272,after,2022-08-08,14-12-29,Odin,mC2,14:15,5.0,Olympia,3,non-partner,3.593898060973996,0.0069867454294963,-0.0723306421751961,-0.2198733419832849,-0.3296351679779287,7.6794294240717536,4.501221172399599,-1.1787321702761198,0.3231256672033354,4.141611517654871,data/acoustic/example_audio/after_phees_2022-08-08_14-12-29_0000082_labelled_Odin_pheeseq_0000041_labelled_mC2.wav,1872,157284,1.258272,125000,1,PCM_16,-4.52792754734154,-18.715700464980177,0,0.0,0,False,1,1,1,False,False,Odin-Nougatti,male,0.4287746548652649,12,13,bottom
1288,after_phees_2022-08-02_15-01-37_0000067_labelled_Tabor_pheeseq_0000038_labelled_mC1.wav,0.2752,0.0992,8544.922,7812.5,8300.781,8789.062,9033.203,488.281,1220.703,2.015,2.665,-14.0028205302358,3.30527644757428,-0.371898616480314,-11.1905034068935,8.32200514377598,-9.65768758366204,2.21800013304121,7.35699423184943,-15.5522829595738,16.3471223746591,-9.48839711922679,-14.8994212058923,5.15450730540637,-1.73793507947255,-7.04665989104576,11.4171486490014,-15.7555715073181,10.8784916831502,-3.00544287278146,-7.01413018629326,11.7285893137429,-15.928399184468,-17.5544866886136,5.20503877334089,-5.78181526049712,-2.23714110009972,11.6340135191327,-20.8288520734507,16.9106181087502,-14.2276273066222,10.4905793660026,-3.14182738240773,-6.21950673810782,-18.7711118650389,8.58236165439787,-10.5368896727541,5.22573393764385,4.81693043099471,-15.2208758208229,16.6095120098371,-21.1122474287236,17.5940714301281,-16.7583561568125,9.50567741321568,-18.1306768847469,10.6732116960288,-11.4485251794442,11.3286678700298,-5.08277437076749,-4.45476707467586,9.70534141258227,-14.4956747831183,16.9464780713299,-17.8333359626422,14.3927459496292,-19.6811272629415,12.4228249341718,-12.4185873798659,8.8140662404545,-4.18699520681241,-6.04174650441386,12.9274895230583,-16.1473652560848,16.9628651646496,-12.9405749429539,9.01930987303821,-389.028612716058,-374.590761859937,-263.861812324832,-95.6642262990255,12.6699169577479,37.61722094581,15.412988942484,-12.383444814314,-85.1564040204316,-62.0689267608684,-111.069510875492,-379.002168217497,-394.391151996084,-246.967369476797,-125.436874835704,23.585255452806,18.0115197835613,-24.5485378416684,-80.4879009014185,-148.780423914039,-115.872164933002,-191.481958900093,-389.108833893717,-421.432364138553,-239.711674288906,-157.197096917269,80.6754217437191,-3.27464856692279,-0.150468296798538,-40.5360126844156,-62.760494792435,-11.6468381662841,-104.99398924581,-413.309313890891,-419.933559685757,-240.43909636349,-184.864900831635,90.2230995380192,-57.8533690900876,33.8809084508759,29.0956135972619,83.0808697096679,130.742164813256,73.5256816755356,-461.876676798987,-420.704873802476,-272.107095355942,-183.687948678477,91.3262586262132,-65.7017504053078,49.8966701940301,51.1668721624027,140.481768249072,144.675375052155,132.5334980153,-463.27673631092,-426.338243215634,-261.425399068099,-179.683803122247,96.7017402005743,-46.1176201381645,52.6817674526441,30.6776085343978,93.3988204648494,90.9094815263826,65.9400810200581,0.589248,after,2022-08-02,15-01-37,Tabor,mC1,15:00,5.0,Lola,1,partner,2.304034498861213,0.1659540520821722,-2.490100597338172,-0.1389642316018239,0.1294092840214472,1.0565508933448002,-4.121799229889807,14.406001530759625,0.3866063662269969,-1.0084685088484715,data/acoustic/example_audio/after_phees_2022-08-02_15-01-37_0000067_labelled_Tabor_pheeseq_0000038_labelled_mC1.wav,1289,73656,0.589248,125000,1,PCM_16,-37.43994516947061,-52.65227212073722,0,0.0,0,False,1,2,1,False,False,Tabor-Lola,male,2.8911147117614746,13,14,bottom
2931,before_trills_2022-02-23_09-24-02_0000042_labelled_Tabor_pheeseq_15_labelled_mC3.wav,0.6048,0.2736,7812.5,7080.078,7568.359,8056.641,8544.922,488.281,1464.844,1.926,2.779,-15.3983710933136,5.70105193161262,6.55967208516294,-21.8866530519316,26.3606207835398,-24.5417872359017,8.35496566983271,7.62091924855487,-17.7045265425474,20.0993392308559,-16.9954773368495,-14.7363744883602,5.92825266113177,0.51739367521369,-13.1264676705224,19.7835714037149,-24.2927178792227,15.6185855898932,-4.19205861423992,0.499186899690728,13.0656762073088,-12.3452582604882,-14.124444842427,6.27638396579768,-3.95378898784369,-3.41040719376241,11.2885620422616,-20.0951925641201,18.1962908148014,-16.7336145540846,15.9779462231693,-3.07167600339794,-2.62098401220502,-14.0624942264137,6.52113395151636,-7.68118929399794,1.60696989452434,3.45903435681999,-16.9247463628036,13.87969237952,-21.1402630058923,20.4984799546287,-16.3297625885504,8.99415817919955,-12.743959234238,5.50406053649207,-7.81787080025834,5.39213105076197,-0.744087971267014,-9.10206925505222,11.7025014871703,-18.2765564856578,18.7965179544281,-17.8580562315955,15.5540404519698,-16.1183676419435,7.5232052117517,-7.17653330045744,-3.20237230744055,12.5661706362714,-20.4108721473087,19.3601474159724,-16.9697432182994,13.4620945620894,-8.48622061848105,2.10053723221343,-817.580522211384,-829.465647580893,-597.603629862393,-289.414419269668,-2.52956686073916,25.8100428011079,-24.230209007405,-47.2808307797044,-189.007928815464,-94.3898333889485,-210.927679939251,-833.901553960666,-841.376853401183,-576.852273428461,-319.126908204614,49.6174453467474,42.1989061568827,8.65771414762055,-33.664261869612,-131.342892679823,-65.2525375288819,-187.414799128426,-835.01177476942,-824.638489275198,-554.17371696644,-354.7944962133,78.9949429376704,2.66427980815177,19.0877598454988,-6.74225690735823,-31.1881696654476,17.0713405750257,-77.6783761619426,-846.19506649953,-818.136419735803,-564.334184742588,-378.890376773152,79.8497529416516,-41.9383861925203,42.7545669960944,53.9628797294546,94.9366409322287,137.783536161806,73.1764039708855,-841.536851500459,-783.074880931793,-547.83203696882,-359.747405213964,79.3666019572579,-48.496086422693,53.6438077826251,79.1240653887133,147.282420997675,174.597772095284,143.82508835073,-822.935374817799,-812.494658100075,-536.882683076779,-340.274110101402,80.7078651189698,-22.8625847753072,26.4897139782071,7.76598815021394,-0.364003245365503,65.0458105379609,-23.963956192555,0.91016,before,2022-02-23,09-24-02,Tabor,mC3,AT/MM,1.0,Lola,3,partner,0.2589008402663749,-0.3785369399812094,-0.3158277848716534,-0.0729155272447524,-0.451046170008021,3.688294601842574,-5.620565633650149,-3.0574042720287897,1.1084526452035313,-2.043531983785927,data/acoustic/example_audio/before_trills_2022-02-23_09-24-02_0000042_labelled_Tabor_pheeseq_15_labelled_mC3.wav,3087,113770,0.91016,125000,1,PCM_16,-9.093531433960234,-22.83568596552513,0,0.0,0,False,1,1,1,False,False,Tabor-Lola,male,0.7257888317108154,14,15,bottom
1768,after_phees_2022-08-08_13-21-22_0000080_labelled_Tabor_pheeseq_0000046_labelled_mD2.wav,0.5408,0.2464,7812.5,7080.078,7568.359,8056.641,8300.781,488.281,1220.703,1.757,2.499,-13.8457757047882,1.17781061341338,15.0228945811049,-24.5477729779435,20.0887741540815,-4.1739978466913,-14.0019418130443,22.9240474918976,-18.0415500325397,3.49880759170765,10.8939928209737,-14.897567638637,5.10894287210777,8.73665755130366,-21.0205699826411,25.1474745750261,-19.2475224901022,5.36472361346679,9.52547390128454,-18.9859170326225,19.4685428288897,-12.5332376112434,-15.5402905012907,8.15439692393088,3.39461535162001,-15.6637849562396,23.4024350908854,-24.1164119552632,16.8617780092467,-4.63225789062968,-8.26558380620907,17.1257280259501,-19.6975562576232,-16.7932680744637,11.1417584230533,-1.35765750647215,-10.3156829875559,19.9311373786611,-25.1576466306099,23.6845371299049,-16.1878404272139,4.89588256396643,6.44124470768182,-15.0102049681455,-19.507398696441,14.5757209168004,-6.88550724682435,-3.03726854670842,12.7009948348713,-21.0831823652762,25.2109194950455,-24.0010629937401,17.421848884844,-7.94367810173377,-2.05569309618157,-22.6054287505667,16.4085715582607,-4.71313541316285,-9.28638099137471,19.9404371481895,-25.2866344805644,23.866324267765,-17.7524426727739,9.78348015542012,-3.51539108580412,0.471837988704514,-706.308834067864,-646.476334967899,-547.357192734057,-212.107730314804,10.7797156674005,-29.0564209552002,18.4615316337753,125.488721853648,38.7914760384095,139.835200084379,128.759845459593,-784.014947496539,-779.667435451764,-573.210877120267,-271.063501868622,-8.07462487154666,15.5800128816412,-23.1060290395061,-26.011317081323,-156.432847630316,-64.5014877623719,-156.864401033799,-807.039200788503,-820.392099127413,-558.855704261969,-313.297109614228,9.22056065287457,16.4271239841707,-37.8520312199592,-88.0781411040894,-210.504080918274,-133.565149195451,-251.120461354862,-779.587832623381,-799.145528720497,-514.497665486396,-329.34467195213,40.0102316326193,-8.03234977824218,-25.4401101869735,-79.1929868521334,-164.083443461039,-93.0452762582694,-212.509686755048,-750.308650238679,-753.207367925363,-470.565942769364,-330.702814027435,78.1335782586902,-46.5731919130209,11.1238554089765,-21.8538240741679,-40.4201242073754,18.7233171167887,-76.2974396287317,-727.845256936286,-750.062842081204,-471.708941423555,-305.02341646714,68.2312588035095,-49.2122401137331,25.2731411464331,10.0867211190379,-33.1509002012841,59.9873501961355,-53.5411583907291,1.048248,after,2022-08-08,13-21-22,Tabor,mD2,13:20,6.0,Nougatti,3,non-partner,-0.3306344691870931,0.0577760457638025,-0.9075992434524428,-0.7143386271161233,-0.2679942585373984,-4.776751791000237,-6.702827556720317,-0.986898590562151,0.1048254307381881,1.3506398050532036,data/acoustic/example_audio/after_phees_2022-08-08_13-21-22_0000080_labelled_Tabor_pheeseq_0000046_labelled_mD2.wav,1769,131031,1.048248,125000,1,PCM_16,-7.205315505314206,-19.251822330237044,0,0.0,0,False,1,1,1,False,False,Tabor-Lola,male,0.2100333273410797,15,16,bottom
2727,before_phees_2022-03-17_13-35-29_0000074_labelled_Tabor_pheeseq_05_labelled_mC2.wav,0.6144,0.3056,7568.359,7080.078,7324.219,7812.5,8544.922,488.281,1464.844,1.779,2.682,-15.8858882331539,3.61168308884538,9.04853476705645,-20.1035650361357,22.122189762272,-14.8695247628863,0.643489102963897,12.9686675668001,-20.4033618736957,18.1578461859833,-8.41319221765581,-18.0518775852877,6.97552678709639,4.26643287949657,-15.9406541206854,22.1430985421858,-21.7856716038088,13.0963330407594,0.302085870051066,-14.0051005813854,22.3084088162395,-23.3405404253714,-17.4152038284297,10.9410320505679,-0.773056214520612,-10.4728672623743,19.627425811764,-24.468703202604,21.7489704058431,-12.1511407899426,-0.87682647009599,12.8886560128376,-21.2904080243584,-16.2973424197754,12.7908552968425,-5.06857312535355,-5.01576312642827,14.8082736952102,-22.3438266710688,24.9788728143891,-21.8873507660714,13.805123728981,-3.19431840543948,-7.69815863458236,-17.7915228326403,15.0555623795432,-9.62052431128033,1.6364412230586,7.22074749620337,-16.128694429827,22.5026158410978,-25.0642673285097,23.3052990860733,-18.3401637410283,11.1565161908788,-20.3391816384869,16.3373773026149,-12.8858532173981,6.70227704062671,0.16257339481083,-8.19666890393671,14.5730599914843,-18.6165422854092,19.6796227800867,-19.3184026705228,17.3481846575985,-731.603422905073,-711.725452358631,-536.776877639031,-235.022054220179,-1.57499218323888,14.494727012859,-12.275585214741,0.163236255215712,-115.696714306076,-32.1182636938092,-102.963003727406,-746.89739950661,-753.116990038712,-517.707268002794,-266.25524530453,7.98156810387565,29.955642213973,-45.8893451819799,-104.963734903464,-237.46658632099,-172.150788119474,-280.995201680374,-726.153386929414,-747.67158949575,-481.586453624606,-294.586792141361,27.925208212301,6.24418262129529,-40.675779564774,-113.934743001359,-215.175409867375,-155.097070600716,-274.581542569774,-759.524450391037,-769.480810911935,-487.16615033606,-336.658860412543,59.1420747411283,-30.8921804062318,-6.60383190140994,-51.1236115761437,-92.7497557470222,-32.5733203015542,-135.650954357689,-764.960457366662,-746.519210563091,-477.967299768231,-342.728809015135,90.508943202566,-72.9249830484676,46.4118773974327,46.2673505778798,81.6306109278623,135.395327675749,68.4770660988076,-724.853577803432,-673.999808964109,-450.252818301928,-300.219659401567,95.2323393834234,-81.1538439554947,71.4883377556173,77.0035595116804,150.225394682871,180.102804008011,150.998390576625,1.06036,before,2022-03-17,13-35-29,Tabor,mC2,RB/MM,5.0,Olympia,1,non-partner,-0.4240617533851381,-0.2430473997382941,-0.1189585530138716,-0.557477271888226,-0.6197067781836609,0.865430338649699,-9.235356189379754,1.181910159366272,-0.6074839762513111,-0.414417664337422,data/acoustic/example_audio/before_phees_2022-03-17_13-35-29_0000074_labelled_Tabor_pheeseq_05_labelled_mC2.wav,2820,132545,1.06036,125000,1,PCM_16,-8.362463984878904,-21.097966935370454,0,0.0,0,False,1,1,1,False,False,Tabor-Lola,male,0.6115553975105286,16,17,bottom
1995,after_trills_2022-07-27_10-54-22_0000056_labelled_Odin_pheeseq_0000006_labelled_mB2.wav,0.5296,0.2928,7568.359,7080.078,7324.219,7812.5,8056.641,488.281,976.562,1.972,2.442,-9.08766655593385,1.45615548374045,1.49738333723867,-9.95171269836937,11.0377933749527,-11.1636673479131,3.62805964135211,3.13153225657834,-12.6197979019927,13.357473755945,-12.0650960510552,-8.67687923551741,1.62437164808449,2.44707116235048,-10.4981459081246,11.1958062927962,-14.7903041760084,9.73941200843909,-1.325185215849,-11.0468568011184,12.485455972054,-19.8958840737941,-10.4994369212275,3.03464958541043,-1.20852910725634,-6.59176705327384,11.3179435128989,-16.8596167296921,15.9663631511972,-10.2527722745972,-2.28295766608103,5.16152951627419,-16.0728723369782,-10.6385947931097,3.2444599197922,-2.77744214120471,-5.69399303903212,8.41384796562632,-12.7635920442884,12.3116178920581,-12.4848491431349,4.60262825652822,-1.52687981551126,-6.07710966868989,-10.297785197574,1.26938965409062,-5.06889107182763,-4.87600209222676,5.90091416844991,-10.3048242101981,9.66780680197518,-8.63596004736797,7.59246466291566,-4.45222782791292,-2.50118634941175,-9.48873922858028,2.52503424233599,-4.13857522835561,-5.27772896591349,8.95653022933269,-10.2057068399684,12.1653120621344,-9.57201476251317,7.53510319468561,-3.30037774834888,0.43916479794306,-822.892464763143,-778.335144863818,-579.283307426912,-301.681696937847,-6.0529971070386,24.0104855474189,-17.3423411396316,-44.9677770243953,-116.276213698906,-80.5237366541195,-132.675673797655,-845.55428946736,-814.271571042287,-583.543524614721,-320.277120004049,-8.03605742991091,19.8520805056657,-51.4412225317124,-97.1007722758819,-185.143452136282,-155.318632826409,-224.332675493968,-809.08896623333,-789.05999011905,-537.34717470192,-322.956961089565,17.0855862810519,2.61064324263257,-44.7924411131081,-94.3038970097942,-155.867199406846,-118.400843689329,-194.431473334891,-828.433214247809,-787.766240073974,-549.765213847405,-338.992053390607,36.8854860710397,-6.62909002978881,-8.0410269564208,-30.2409045995552,-63.7238692043416,-26.284512156178,-80.2413975232717,-880.98846874771,-821.025818383888,-582.758247095649,-339.26397734123,65.8895239672172,11.3445739994586,16.5941068343666,-6.07718795681402,-30.3517425724063,-3.11653162743044,-48.5079120578328,-828.612275374092,-777.726314464854,-542.865261789306,-322.833519156552,59.484019385441,6.33959754598647,22.0338517660496,6.49592807704754,-19.3155043260426,20.3274654832417,-27.3233846225896,0.776896,after,2022-07-27,10-54-22,Odin,mB2,10:55,4.0,Nougatti,1,partner,-0.8814632441121442,-0.3039015878239026,-0.7528804705562289,0.0768778624167913,0.4475950215715466,-1.749200697507025,-4.88241005908313,-3.7203432606184608,4.470779072188848,-3.3944072416468636,data/acoustic/example_audio/after_trills_2022-07-27_10-54-22_0000056_labelled_Odin_pheeseq_0000006_labelled_mB2.wav,1996,97112,0.776896,125000,1,PCM_16,-23.051812640020756,-33.99825925340695,0,0.0,0,False,1,1,1,False,False,Odin-Nougatti,male,0.7341223955154419,17,18,bottom
2773,before_phees_2022-03-18_09-14-46_0000079_labelled_Olympia_pheeseq_33_labelled_mB2.wav,0.8176,0.2816,7324.219,6835.938,7080.078,7568.359,8056.641,488.281,1220.703,1.782,2.584,-15.681407626817,0.344070658042134,18.1209546507097,-27.2544462579304,19.1820771662055,0.5066052035881,-19.0068977631931,23.8839234115827,-13.4091884070107,-4.08991256565765,16.5603734132764,-14.4563573123984,3.75774477633344,9.98935663728452,-20.9244612870166,22.5556289944652,-14.2351623694298,-0.871383711181329,15.2836695331778,-22.4298781368187,18.9496746980067,-7.2174058967408,-15.1419795711922,5.90013710561289,5.62569520436283,-16.86101439512,22.4904660597243,-20.9254170877095,11.772323801805,1.48762292012452,-14.3616990129742,21.7943835412322,-21.5112743944101,-17.3992773121159,8.63429231685146,0.836327821699491,-11.9932780130475,19.9214471445483,-23.7518838657032,21.2416337218531,-13.4777245547302,1.99591416664138,9.24943285007195,-17.5206980803938,-18.9376453117302,11.5339818283031,-4.61750956030842,-4.86042917614789,13.4650937707666,-21.2687738480824,25.0794905260144,-23.3979794073631,16.1630467942297,-6.16038050049635,-4.48480936094589,-20.8856477369291,12.8760044386368,-0.116223161949003,-14.4179240549808,24.9641227248851,-29.0871601716194,23.6871749123416,-10.2215842553659,-5.08774680920959,14.5482744079636,-18.7189257738948,-741.744495130089,-657.099778407889,-573.686134258343,-222.372763148443,33.2137817735596,-48.2385976583329,21.446063188647,163.79884124373,80.8351959930468,186.239348191836,200.887844330467,-786.16412473423,-760.291714530422,-582.994055833998,-256.469828958761,-12.348490806493,12.499264299126,-9.6568245409914,10.320296596721,-107.064909353047,-20.7567192856819,-88.6294511465857,-788.172564064971,-789.417245555912,-554.475255137801,-287.974100784932,-1.88756582129822,29.5939354630358,-43.8729747235983,-91.3006829164597,-224.024969507962,-155.341593825953,-259.735893426979,-738.966422831248,-754.675537718941,-487.360765857652,-300.867128291494,40.2967212479356,4.29061466164694,-35.2768776638557,-87.6792020678729,-185.872529743532,-118.964811563866,-232.981603210514,-638.515875875059,-652.165070204535,-391.143040575805,-281.100988592862,78.592540217552,-33.8964839587661,-0.102352687949666,-31.046887170942,-63.3387199324943,-4.37855777467602,-101.13783057939,-595.871020801561,-648.128263932612,-393.68927679111,-232.060771467689,26.8363976608125,-1.1097592777885,-28.7503782108862,-89.7572049343813,-203.66983351109,-116.371226469554,-255.645985411762,1.611984,before,2022-03-18,09-14-46,Olympia,mB2,RB/MM,5.0,Wuschel,3,partner,-1.5089123203295849,-0.3078963367699157,0.1641401584714971,-0.4711340964123744,-0.3840080485249285,-8.465131470128705,-4.136075392262841,-0.1403162730559793,0.8034108911073969,3.071263718619557,data/acoustic/example_audio/before_phees_2022-03-18_09-14-46_0000079_labelled_Olympia_pheeseq_33_labelled_mB2.wav,2885,201498,1.611984,125000,1,PCM_16,-9.789780502066776,-24.294946418793604,0,0.0,0,False,1,1,1,False,False,Wuschel-Olympia,female,0.23685769736766815,18,19,left
925,after_phees_2022-07-28_10-12-30_0000059_labelled_Wuschel_pheeseq_0000003_labelled_mC3.wav,0.5072,0.2112,6835.938,6103.516,6591.797,7080.078,7324.219,488.281,1220.703,1.975,2.637,-18.5224645547441,-1.80447622096067,16.5717295857082,-21.0195443009397,6.48193553456016,8.94525495666073,-14.0902251382546,6.70973530558875,5.13405964200251,-8.31592955970159,1.13780161329749,-17.5018334279056,-0.652519632127628,15.4994925324294,-20.3408088099325,6.58619087503932,11.9432682345419,-23.6857907247895,15.1862274718283,3.58810742715025,-18.878470888531,18.5883524707914,-17.7146053358323,2.58014313181259,13.2955115989204,-22.5584712394463,15.8219150236538,1.8257699366318,-19.1588249825274,24.1446336850562,-14.6173427353032,-3.32602364365382,16.0754310112266,-18.0122759590952,5.7793901273418,9.46338016021618,-21.7726998201304,21.6471922102332,-10.3497484136304,-6.67278576612946,19.5381273832901,-22.2600676777765,13.3858035092966,-2.5515348971544,-17.6358030857966,5.81610822470718,6.65541312748281,-18.3851979612692,21.1240384737036,-12.9872894060556,-3.80975792735737,17.2814626788365,-24.2577168693277,17.6407266485959,-5.09173722046883,-15.2330405786075,2.43513612157985,3.35168336446091,-15.3165586132504,15.159111548385,-8.70294290797865,-4.33408814090307,13.8567474183629,-20.4790510897059,14.5945618933653,-4.31443971547434,-604.350830711703,-490.421098638926,-417.722649612713,-187.878241383114,88.8096211763092,-25.4724246458387,-28.5561391021161,57.2988976406931,-29.3685070773267,-0.685858532084304,45.6575210449236,-597.226632862264,-473.754537925064,-445.452403523196,-178.686862073532,85.7895152621275,-67.8558693777585,13.9892458591604,157.353549815945,118.427487122559,175.207261573308,246.770261225817,-589.888033880669,-512.54230265459,-459.49357638312,-152.605045800128,36.5580900750296,-48.9377602617128,30.2573686671126,149.534052052063,86.7609018328738,177.255780678512,197.516418101468,-570.684167245744,-547.522048911425,-437.636232866066,-154.567879749494,3.43566444692845,-10.4430135556802,-0.510794220299983,36.1723003039482,-71.3100900161659,19.0858148925621,-26.3042562106403,-521.028583204995,-513.602691838478,-399.529777381545,-140.332614802911,-7.6240253262029,0.958608584273959,0.594413836618287,15.3345890480167,-83.3811408363932,2.1558507132606,-56.6480214417091,-485.441740719277,-459.723142801403,-356.899481514891,-126.051688458055,4.52286454049922,15.9989120985797,10.3522342502658,16.0378684534112,-63.9515841520648,-2.56480484713948,-41.0147465601732,1.031472,after,2022-07-28,10-12-30,Wuschel,mC3,10:10,3.0,Olympia,1,partner,-2.628228639334033,-2.378894112790327,-0.5200285672710142,-0.0248555545917145,-0.1394820006913612,-8.456346735426179,8.47016516233965,5.791881460121981,-3.2905563196607197,-2.368277697428719,data/acoustic/example_audio/after_phees_2022-07-28_10-12-30_0000059_labelled_Wuschel_pheeseq_0000003_labelled_mC3.wav,926,128934,1.031472,125000,1,PCM_16,-29.102598125428653,-41.90657851349226,0,0.0,0,False,1,1,1,False,False,Wuschel-Olympia,male,0.832824170589447,19,20,left
3160,before_trills_2022-03-15_09-35-25_0000056_labelled_Wuschel_pheeseq_13_labelled_mB2.wav,0.3264,0.1648,6591.797,6103.516,6347.656,6591.797,6835.938,244.141,732.422,2.717,1.829,-8.45796835748335,-1.77535973205008,2.58325947731899,-8.31470063233972,4.77329331491822,-3.87296859791303,-7.33328889723232,2.09193371833982,-5.4766345339319,-0.73303848982422,3.91849024763636,-5.79185486010253,-1.39078982297487,-1.0901464528282,-3.26559724282174,-0.271411129950694,-0.0888747757166098,-2.14521372708341,2.59078701435989,-0.452607534309662,0.499237536952231,-0.907738203808714,-5.44867317386429,-1.35660886285113,-1.71279040253837,-0.52603091353329,-1.80775922111363,-0.992250201247774,-2.56490452226454,-1.354946416139,-0.69039217474337,-1.04147947755311,0.356529372078432,-14.7567211366343,-3.38406041124524,15.0386189834655,-19.9625913864694,0.463245549733779,13.3131775559691,-20.3201702003135,8.54882393849918,11.3792820196479,-22.1847420769016,13.2675649097164,-15.6324631591707,-0.844071597699487,12.0423036616823,-18.8884000469482,4.82159891572846,9.67283108966805,-18.5719041619768,14.6918036267674,3.57155542720511,-18.1922540233541,18.354307495773,-16.7648240375575,1.23168111542056,10.5350690925504,-20.7219512471994,10.5002942520003,3.2589423794918,-19.7797026258001,21.166893999185,-8.5505774500642,-10.2832789596995,18.2132891442402,-783.671067160474,-709.850335847919,-567.876787360156,-302.747929738301,8.13585093069949,-11.3037105756407,13.5509561273686,54.5048688975367,39.633750349094,77.9694106569648,73.9285644679613,-757.165534499861,-671.440032541753,-519.5798100611,-272.359169335294,34.3683077337704,19.3116921124946,14.3414063167584,10.3912857525894,-4.61849701056683,-7.01520824838073,-7.86291064116621,-735.586181365384,-656.503833389234,-510.520366288664,-284.932676034086,16.8676638094531,1.9127359182148,8.60297128425707,11.7991607169337,18.8598278200187,18.6292930995903,20.3120148852993,-867.330267352842,-707.87718343301,-612.671802799473,-298.071410115566,102.900856249242,-49.9413226541883,3.31705095606539,132.037196218911,87.5223437058311,111.906519577581,187.736036120526,-876.860287167556,-733.395728740947,-626.310740569057,-281.326815238684,90.7565155082016,-51.0380701363241,29.855338967198,155.982245274156,121.143629203871,167.612300404249,224.804423894279,-854.961764814522,-740.996373733625,-636.734614315242,-263.196875032974,56.0139751912566,-49.8190863133558,41.8351052848229,163.024628739831,120.250830444401,194.653019253529,225.135453807875,0.749016,before,2022-03-15,09-35-25,Wuschel,mB2,EO/MM,4.0,Lola,3,non-partner,-3.6328644787228135,-3.184246168893965,-2.018734482952729,3.3246641186449812,1.9230585431709868,0.7111464307817446,2.6750567304696147,-1.4164300531013947,0.11587033884453,-9.72718490245729,data/acoustic/example_audio/before_trills_2022-03-15_09-35-25_0000056_labelled_Wuschel_pheeseq_13_labelled_mB2.wav,3344,93627,0.749016,125000,1,PCM_16,-7.796771261245082,-20.3406834565552,0,0.0,0,False,1,1,1,False,False,Wuschel-Olympia,male,0.1381552666425705,20,21,left
2464,before_phees_2022-03-14_09-26-36_0000046_labelled_Wuschel_pheeseq_27_labelled_mB2.wav,0.7392,0.2848,6835.938,6591.797,6591.797,7080.078,7324.219,488.281,732.422,1.745,2.231,-20.0613804645408,0.954808563827365,12.8353898879393,-20.5066170178067,9.75570418021705,6.93869070922355,-22.1207787414142,18.5840723274951,-4.06213079378879,-15.3630795561587,20.9625820968359,-17.3997349423819,1.02811908621919,9.59607027147598,-17.1968887326405,12.8039669934449,-1.54511088877698,-12.0227346794543,18.0165970784455,-14.2036084329818,1.31041316901059,11.6242906224998,-18.0422240241346,1.76972902113114,9.73014277562203,-18.9356379143596,16.1573963894909,-5.97541915570695,-8.88408936745297,18.8665370144692,-19.6635567423373,9.37709523882173,5.50247950756281,-21.1268476868505,7.41736939804333,5.20145278071002,-18.076761532256,18.6592295551163,-11.5098175768126,-1.67841050138808,15.9276207957233,-22.5493452207132,18.2729354534482,-6.10449643362637,-21.3991543830876,9.7176070450021,1.4536009799815,-15.1342854257505,20.1320770980214,-20.3570822452707,9.87398802598383,5.44988518889846,-18.3654414659188,23.2772047327408,-20.4979142703887,-21.3241530410192,10.5203974848797,-3.92539414284282,-8.79342039408946,17.0546013799512,-22.8498292444131,20.4036761758236,-10.4623966639117,-4.37727444433554,14.4672304987212,-20.4648003514824,-599.325230389808,-494.202994262854,-451.911948207978,-164.335340696355,74.4177604423346,-69.659218756156,31.9490928907905,172.952537625288,139.118755622159,215.127380494506,265.844060095267,-674.986858515431,-600.51560275461,-496.926499275676,-191.674102093643,36.1641079562825,-24.6695898329348,29.1813442234178,115.275862669774,65.3773657445231,136.661968094559,137.380857404431,-669.689189311553,-614.39608461225,-494.888054034342,-185.619240991411,20.5368475797059,-7.18876958240206,21.2275962938268,85.7132804560783,11.097724436481,87.5092225142136,63.9115597478852,-576.341978304095,-552.998802437383,-417.363292003435,-148.168357190927,12.6479814488362,7.84099481680398,8.84558292064386,12.2924537694867,-89.3457977321639,-19.2763588955826,-75.2884297299032,-540.168624258128,-557.574910015585,-374.907943904961,-161.019488630868,10.949663372849,25.6915155705144,-23.759660219718,-84.3153450196626,-205.858946597897,-145.707106712634,-247.371072175421,-513.797491860596,-542.898315585395,-320.304763845102,-185.748655099841,39.4408637273693,14.4428134071153,-26.8519912241987,-109.390556157763,-199.729846138922,-149.157647292484,-260.588199836434,1.36532,before,2022-03-14,09-26-36,Wuschel,mB2,EO/MM,3.0,Olympia,3,partner,-3.399487503011601,-0.5927527309395961,-0.2451745436325113,-0.6464786005881945,0.330688502507146,-10.504243797048732,5.575120683851351,4.33322040168856,-0.790879700374221,2.8908300760690513,data/acoustic/example_audio/before_phees_2022-03-14_09-26-36_0000046_labelled_Wuschel_pheeseq_27_labelled_mB2.wav,2492,170665,1.36532,125000,1,PCM_16,-19.710130666020973,-32.642269297579176,0,0.0,0,False,1,1,1,False,False,Wuschel-Olympia,male,0.6918872594833374,21,22,left
1111,after_phees_2022-08-02_13-43-08_0000064_labelled_Olympia_pheeseq_0000064_labelled_mB2.wav,0.7264,0.3184,7080.078,6835.938,6835.938,7324.219,7568.359,488.281,732.422,1.845,1.989,-19.4520201927905,-0.355340846371871,16.3808769813282,-25.8839657480914,16.9570607971295,1.57998201799508,-19.5201049129059,23.0910298308977,-12.1337658820543,-6.05512963960761,17.9617004188546,-16.185639885599,2.99764877882622,10.0321007528897,-20.1014212963061,20.2405108403903,-9.9873228152203,-5.69267572426887,17.6840862532868,-21.1259798914589,13.5483354882808,-0.0084679008310667,-16.435623190755,2.84159727140454,6.20227101968089,-15.9290212138949,20.4368426635531,-13.16500831492,-0.942311410142563,13.5137149890668,-21.9374917215357,20.6790316758273,-9.62727605124957,-19.8395418179316,7.46509863480922,3.94767105784856,-14.9307745041562,19.8689127900164,-15.9577882309709,4.19194216256032,9.72637757436722,-21.5388515289496,24.5886195160186,-17.0401603011272,-20.5751355535626,10.2030286620742,2.02917356489498,-14.5379868674961,21.3301940852059,-21.0811310472544,12.7700603372378,-0.106902241517583,-13.4482662277244,21.088444406101,-21.5590096138465,-19.9991547195126,7.10495545600458,5.19946765901854,-16.4181773477062,18.7527338460658,-13.4098891073776,1.5130491280122,8.97326011553514,-13.8335888060576,12.0670683600373,-8.16472434638326,-704.667990372094,-613.269598348056,-535.126461122354,-194.293605065269,55.2741132523716,-46.870258315148,29.139196530092,170.512699248606,98.981164882495,197.809097075543,218.746995751194,-774.827358856056,-729.905150445807,-575.962331995203,-240.965091048777,2.96249792671048,-1.63366656070074,5.72542334368638,51.2628897980482,-43.8266853398481,42.7004468102624,-1.66261057645865,-782.738921028984,-749.320484103424,-570.651714508608,-250.021991171583,-1.51627293080812,24.4367677262691,-11.5639750807459,-18.2924758237251,-119.847890663653,-45.875731278986,-109.848708071882,-684.147212602429,-671.070633586846,-488.018246666114,-213.600962160661,-0.551873542789264,25.6718492940336,-22.5245062079726,-63.8027406588457,-178.485371560767,-117.060180194854,-197.859420842734,-668.138603325262,-678.50172191985,-459.968264443668,-233.3020381342,12.5163139575047,17.4113791022378,-36.0561307142987,-98.6308777408105,-220.453243750536,-155.913682250402,-260.541542713516,-643.168375112118,-622.804889512768,-460.696894941751,-201.618238625924,25.9026288107276,-3.7075275706685,-10.7905269797108,-12.1312855712955,-108.196077191102,-36.6597658433716,-99.019111070409,1.585216,after,2022-08-02,13-43-08,Olympia,mB2,13:45,3.0,Odin,3,non-partner,-2.8133779170970397,-0.051232473656306,-0.3721113331321554,-0.1289940299703293,0.8233806305422439,-10.434602472502489,1.4137818402806632,-0.3412938668393825,0.0339824424544964,2.204331463121302,data/acoustic/example_audio/after_phees_2022-08-02_13-43-08_0000064_labelled_Olympia_pheeseq_0000064_labelled_mB2.wav,1112,198152,1.585216,125000,1,PCM_16,-12.737413937949976,-24.511878478054708,0,0.0,0,False,1,1,1,False,False,Wuschel-Olympia,female,0.6753966808319092,22,23,left
769,after_phees_2022-07-26_15-00-38_0000053_labelled_Wuschel_pheeseq_0000031_labelled_mB1.wav,1.024,0.3664,6591.797,6103.516,6347.656,6835.938,7080.078,488.281,976.562,1.737,2.181,-21.8135497994865,-5.3810044607763,17.0917469620393,-13.4438480635901,-8.99251606293728,22.7764135299741,-17.33914290419,-5.89325195933495,22.4787148878836,-16.3652859097833,-1.90719568883292,-17.3443815240201,-1.3948938274674,15.7793433542039,-16.8354907355408,2.0280458586845,16.7765666500826,-24.7048688814525,12.653211457056,8.68804269062086,-22.5554740004142,18.3458592346606,-16.4736618815976,-0.0762869513441386,13.604506374024,-17.4436759834737,6.64892021041282,10.2667519184671,-22.1247980560429,18.8300762813069,-3.09902343364562,-15.016255893656,22.1188612647205,-16.4275520834645,0.776559364494282,12.250938155062,-18.2171139101277,10.7966921049976,4.35472182611999,-18.875190157331,22.2876832960215,-12.3039893226788,-5.67375611248733,20.0602864779841,-19.716326336019,5.70815415698391,8.02413569610853,-17.1502329651815,14.3428123442642,-2.4649697439062,-12.6477917553716,21.3088061705176,-18.8513027785688,5.82142293991719,10.1411187501382,-20.4480364681517,5.83770529752232,9.80678813571837,-21.4919222180787,20.3249316478015,-8.57551023637628,-8.073691582591,19.5255395506306,-21.3303431662293,13.2887623572415,-1.05867323883942,-829.706177411178,-627.840646023335,-530.993048058926,-292.80203756771,142.99079811491,-21.0216566512375,-50.4872877297357,28.9370295339007,-25.3176856797379,-68.8523932648693,39.3722267404517,-817.890400211057,-652.450766304576,-589.147450742306,-271.140954512538,98.9176456264448,-73.67173303748,2.30275219805221,144.407670279813,120.871902032394,156.4724667859,249.49782212042,-814.135673158258,-677.775162067791,-599.694297609213,-254.115832560574,66.4694625315678,-66.096678929151,30.407116906962,173.119731153851,152.077078722555,211.934870012497,274.411878788404,-847.151007027252,-732.815156414586,-629.657188622696,-256.876049920918,41.347201949186,-48.128332191179,40.5990652991583,167.414629628844,134.080585309659,207.53817067799,239.522310278945,-862.13389031809,-774.221225554991,-635.593792458967,-259.511089269133,23.6034585887169,-30.2457661205364,34.7684456001725,106.92960042335,51.1019288860482,125.448132180655,119.957118628536,-774.949486341147,-721.558520896757,-575.862297816141,-229.97298583534,14.6897285120984,-9.97086535993987,5.67070838667496,48.0540748606318,-55.1906490598392,30.215647369852,-7.49666073470504,1.87792,after,2022-07-26,15-00-38,Wuschel,mB1,15:00,4.0,Nougatti,3,non-partner,-4.27524293707604,-0.7164723927640875,1.0643714854774804,-0.308255771853199,0.0652742813991357,-2.6200348824749193,9.94601544274337,-2.7746715892099223,-5.001631371824892,-6.255453849094218,data/acoustic/example_audio/after_phees_2022-07-26_15-00-38_0000053_labelled_Wuschel_pheeseq_0000031_labelled_mB1.wav,770,234740,1.87792,125000,1,PCM_16,-9.884385529600308,-24.292155142614593,0,0.0,0,False,1,1,1,False,False,Wuschel-Olympia,male,0.2902695834636688,23,24,left
