analysis,pair,stage,context,metric,N_rows,N_comparisons
Sequence structure,Tabor-Lola,before,Partner,transition_matrix,4,4
Sequence structure,Tabor-Lola,before,Partner,bigram,4,4
Sequence structure,Tabor-Lola,before,Partner,repeat_A_len,4,4
Sequence structure,Tabor-Lola,before,Partner,local_alignment,4,4
Sequence structure,Tabor-Lola,before,Non-partner,transition_matrix,8,8
Sequence structure,Tabor-Lola,before,Non-partner,bigram,8,8
Sequence structure,Tabor-Lola,before,Non-partner,repeat_A_len,8,8
Sequence structure,Tabor-Lola,before,Non-partner,local_alignment,8,8
Sequence structure,Tabor-Lola,after,Partner,transition_matrix,4,4
Sequence structure,Tabor-Lola,after,Partner,bigram,4,4
Sequence structure,Tabor-Lola,after,Partner,repeat_A_len,4,4
Sequence structure,Tabor-Lola,after,Partner,local_alignment,4,4
Sequence structure,Tabor-Lola,after,Non-partner,transition_matrix,100,100
Sequence structure,Tabor-Lola,after,Non-partner,bigram,100,100
Sequence structure,Tabor-Lola,after,Non-partner,repeat_A_len,100,100
Sequence structure,Tabor-Lola,after,Non-partner,local_alignment,100,100
Sequence structure,Odin-Nougatti,before,Partner,transition_matrix,36,36
Sequence structure,Odin-Nougatti,before,Partner,bigram,36,36
Sequence structure,Odin-Nougatti,before,Partner,repeat_A_len,36,36
Sequence structure,Odin-Nougatti,before,Partner,local_alignment,36,36
Sequence structure,Odin-Nougatti,before,Non-partner,transition_matrix,72,72
Sequence structure,Odin-Nougatti,before,Non-partner,bigram,72,72
Sequence structure,Odin-Nougatti,before,Non-partner,repeat_A_len,72,72
Sequence structure,Odin-Nougatti,before,Non-partner,local_alignment,72,72
Sequence structure,Odin-Nougatti,after,Partner,transition_matrix,0,0
Sequence structure,Odin-Nougatti,after,Partner,bigram,0,0
Sequence structure,Odin-Nougatti,after,Partner,repeat_A_len,0,0
Sequence structure,Odin-Nougatti,after,Partner,local_alignment,0,0
Sequence structure,Odin-Nougatti,after,Non-partner,transition_matrix,63,63
Sequence structure,Odin-Nougatti,after,Non-partner,bigram,63,63
Sequence structure,Odin-Nougatti,after,Non-partner,repeat_A_len,63,63
Sequence structure,Odin-Nougatti,after,Non-partner,local_alignment,63,63
Sequence structure,Wuschel-Olympia,before,Partner,transition_matrix,16,16
Sequence structure,Wuschel-Olympia,before,Partner,bigram,16,16
Sequence structure,Wuschel-Olympia,before,Partner,repeat_A_len,16,16
Sequence structure,Wuschel-Olympia,before,Partner,local_alignment,16,16
Sequence structure,Wuschel-Olympia,before,Non-partner,transition_matrix,18,18
Sequence structure,Wuschel-Olympia,before,Non-partner,bigram,18,18
Sequence structure,Wuschel-Olympia,before,Non-partner,repeat_A_len,18,18
Sequence structure,Wuschel-Olympia,before,Non-partner,local_alignment,18,18
Sequence structure,Wuschel-Olympia,after,Partner,transition_matrix,2,2
Sequence structure,Wuschel-Olympia,after,Partner,bigram,2,2
Sequence structure,Wuschel-Olympia,after,Partner,repeat_A_len,2,2
Sequence structure,Wuschel-Olympia,after,Partner,local_alignment,2,2
Sequence structure,Wuschel-Olympia,after,Non-partner,transition_matrix,8,8
Sequence structure,Wuschel-Olympia,after,Non-partner,bigram,8,8
Sequence structure,Wuschel-Olympia,after,Non-partner,repeat_A_len,8,8
Sequence structure,Wuschel-Olympia,after,Non-partner,local_alignment,8,8
Call structure,Tabor-Lola,before,Partner,T_PC_pairwise,6,6
Call structure,Tabor-Lola,before,Partner,M_PC_pairwise,6,6
Call structure,Tabor-Lola,before,Partner,spectro_DTW,6,6
Call structure,Tabor-Lola,before,Partner,chatter_cosine,6,6
Call structure,Tabor-Lola,before,Non-partner,T_PC_pairwise,27,27
Call structure,Tabor-Lola,before,Non-partner,M_PC_pairwise,27,27
Call structure,Tabor-Lola,before,Non-partner,spectro_DTW,27,27
Call structure,Tabor-Lola,before,Non-partner,chatter_cosine,27,27
Call structure,Tabor-Lola,after,Partner,T_PC_pairwise,6,6
Call structure,Tabor-Lola,after,Partner,M_PC_pairwise,6,6
Call structure,Tabor-Lola,after,Partner,spectro_DTW,6,6
Call structure,Tabor-Lola,after,Partner,chatter_cosine,6,6
Call structure,Tabor-Lola,after,Non-partner,T_PC_pairwise,100,100
Call structure,Tabor-Lola,after,Non-partner,M_PC_pairwise,100,100
Call structure,Tabor-Lola,after,Non-partner,spectro_DTW,100,100
Call structure,Tabor-Lola,after,Non-partner,chatter_cosine,100,100
Call structure,Odin-Nougatti,before,Partner,T_PC_pairwise,36,36
Call structure,Odin-Nougatti,before,Partner,M_PC_pairwise,36,36
Call structure,Odin-Nougatti,before,Partner,spectro_DTW,36,36
Call structure,Odin-Nougatti,before,Partner,chatter_cosine,36,36
Call structure,Odin-Nougatti,before,Non-partner,T_PC_pairwise,90,90
Call structure,Odin-Nougatti,before,Non-partner,M_PC_pairwise,90,90
Call structure,Odin-Nougatti,before,Non-partner,spectro_DTW,90,90
Call structure,Odin-Nougatti,before,Non-partner,chatter_cosine,90,90
Call structure,Odin-Nougatti,after,Partner,T_PC_pairwise,0,0
Call structure,Odin-Nougatti,after,Partner,M_PC_pairwise,0,0
Call structure,Odin-Nougatti,after,Partner,spectro_DTW,0,0
Call structure,Odin-Nougatti,after,Partner,chatter_cosine,0,0
Call structure,Odin-Nougatti,after,Non-partner,T_PC_pairwise,72,72
Call structure,Odin-Nougatti,after,Non-partner,M_PC_pairwise,72,72
Call structure,Odin-Nougatti,after,Non-partner,spectro_DTW,72,72
Call structure,Odin-Nougatti,after,Non-partner,chatter_cosine,72,72
Call structure,Wuschel-Olympia,before,Partner,T_PC_pairwise,20,20
Call structure,Wuschel-Olympia,before,Partner,M_PC_pairwise,20,20
Call structure,Wuschel-Olympia,before,Partner,spectro_DTW,20,20
Call structure,Wuschel-Olympia,before,Partner,chatter_cosine,20,20
Call structure,Wuschel-Olympia,before,Non-partner,T_PC_pairwise,54,54
Call structure,Wuschel-Olympia,before,Non-partner,M_PC_pairwise,54,54
Call structure,Wuschel-Olympia,before,Non-partner,spectro_DTW,54,54
Call structure,Wuschel-Olympia,before,Non-partner,chatter_cosine,54,54
Call structure,Wuschel-Olympia,after,Partner,T_PC_pairwise,6,6
Call structure,Wuschel-Olympia,after,Partner,M_PC_pairwise,6,6
Call structure,Wuschel-Olympia,after,Partner,spectro_DTW,6,6
Call structure,Wuschel-Olympia,after,Partner,chatter_cosine,6,6
Call structure,Wuschel-Olympia,after,Non-partner,T_PC_pairwise,14,14
Call structure,Wuschel-Olympia,after,Non-partner,M_PC_pairwise,14,14
Call structure,Wuschel-Olympia,after,Non-partner,spectro_DTW,14,14
Call structure,Wuschel-Olympia,after,Non-partner,chatter_cosine,14,14
