pair,analysis,context,metric,metric_label,estimate_median,estimate_mean,lower_95,upper_95,Pr_effect_lt_0,Pr_effect_gt_0,posterior_two_sided_tail_probability,before_comparisons,after_comparisons,has_before_and_after
Odin-Nougatti,Call structure,Non-partner,M_PC_pairwise,Mel-frequency cepstral coefficients (MFCC),0.18973216669805587,0.18755465368798258,-0.3279612917149136,0.6939026400667909,0.232375,0.767625,0.46475,90,72,TRUE
Odin-Nougatti,Call structure,Non-partner,T_PC_pairwise,Spectro-temporal parameters (STP),0.08517704750561206,0.0826860040474409,-0.4426662077816856,0.5709875340218734,0.368,0.632,0.736,90,72,TRUE
Odin-Nougatti,Call structure,Non-partner,chatter_cosine,Variational autoencoder (VAE),0.2527625045310244,0.25171923080934183,-0.26510345264326285,0.7570989110948076,0.15925,0.84075,0.3185,90,72,TRUE
Odin-Nougatti,Call structure,Non-partner,spectro_DTW,Dynamic time warping (DTW),0.2344629767515669,0.23465427840606226,-0.2830154407439207,0.7388406181617857,0.17725,0.82275,0.3545,90,72,TRUE
Odin-Nougatti,Call structure,Partner,M_PC_pairwise,Mel-frequency cepstral coefficients (MFCC),0.15938161346172502,0.1348180123129324,-1.9440086667944798,2.1176987294816096,0.407375,0.592625,0.81475,36,0,FALSE
Odin-Nougatti,Call structure,Partner,T_PC_pairwise,Spectro-temporal parameters (STP),0.24117808299636612,0.22074748649732528,-1.8492601488978755,2.214092912147804,0.355625,0.644375,0.71125,36,0,FALSE
Odin-Nougatti,Call structure,Partner,chatter_cosine,Variational autoencoder (VAE),-0.23449634347183976,-0.25320306716245483,-2.353711858189669,1.7570097931050013,0.641875,0.358125,0.71625,36,0,FALSE
Odin-Nougatti,Call structure,Partner,spectro_DTW,Dynamic time warping (DTW),0.025928098677633696,0.0062352131341156395,-2.0981689531232313,2.0187133148549887,0.487375,0.512625,0.97475,36,0,FALSE
Odin-Nougatti,Sequence structure,Non-partner,bigram,Bigram distribution,-1.0560536669292202,-1.0493534580532267,-1.50063831192518,-0.5731398721551875,1,0,0,72,63,TRUE
Odin-Nougatti,Sequence structure,Non-partner,local_alignment,Local alignment,-1.1753403400891442,-1.1696740402832306,-1.6068027900245843,-0.6985764847276518,1,0,0,72,63,TRUE
Odin-Nougatti,Sequence structure,Non-partner,repeat_A_len,Repeat distribution of phee,0.0792139677408758,0.08527089300000945,-0.36056723896455595,0.5574957006232835,0.361875,0.638125,0.72375,72,63,TRUE
Odin-Nougatti,Sequence structure,Non-partner,transition_matrix,Transition probabilities,-1.0408502549003709,-1.0375583764768528,-1.471331117122562,-0.5734064714516214,1,0,0,72,63,TRUE
Odin-Nougatti,Sequence structure,Partner,bigram,Bigram distribution,0.044689444031088404,0.010626607883515314,-2.2345692637260908,1.9654201511216698,0.472125,0.527875,0.94425,36,0,FALSE
Odin-Nougatti,Sequence structure,Partner,local_alignment,Local alignment,-0.34714899708436964,-0.3868740593921254,-2.636142016726765,1.5879240548047133,0.687125,0.312875,0.62575,36,0,FALSE
Odin-Nougatti,Sequence structure,Partner,repeat_A_len,Repeat distribution of phee,1.635554907457244,1.6013242943106236,-0.6389582935408434,3.573270580855753,0.052375,0.947625,0.10475,36,0,FALSE
Odin-Nougatti,Sequence structure,Partner,transition_matrix,Transition probabilities,-0.4380967366455133,-0.4760347966492215,-2.6408300496247494,1.4215113786610447,0.7405,0.2595,0.5189999999999999,36,0,FALSE
Tabor-Lola,Call structure,Non-partner,M_PC_pairwise,Mel-frequency cepstral coefficients (MFCC),0.6312248664709394,0.6414451727955273,0.03634568567413928,1.2795900278525316,0.01675,0.98325,0.0335,27,100,TRUE
Tabor-Lola,Call structure,Non-partner,T_PC_pairwise,Spectro-temporal parameters (STP),0.524369920976872,0.5365765231549856,-0.07149683688838827,1.179388070554859,0.042,0.958,0.084,27,100,TRUE
Tabor-Lola,Call structure,Non-partner,chatter_cosine,Variational autoencoder (VAE),0.6993723039978387,0.7056097499168865,0.10480316754758473,1.340910969709216,0.007875,0.992125,0.01575,27,100,TRUE
Tabor-Lola,Call structure,Non-partner,spectro_DTW,Dynamic time warping (DTW),0.6805109230440806,0.688544797513607,0.08503548096640544,1.3251338085912414,0.010625,0.989375,0.02125,27,100,TRUE
Tabor-Lola,Call structure,Partner,M_PC_pairwise,Mel-frequency cepstral coefficients (MFCC),0.7739400541187476,0.7827702620860493,-0.12730385174063516,1.7490689974933251,0.047375,0.952625,0.09475,6,6,TRUE
Tabor-Lola,Call structure,Partner,T_PC_pairwise,Spectro-temporal parameters (STP),0.8648832609591999,0.8686997362704424,-0.03312691306323792,1.8205758726721006,0.02925,0.97075,0.0585,6,6,TRUE
Tabor-Lola,Call structure,Partner,chatter_cosine,Variational autoencoder (VAE),0.38212703083508637,0.39474918261066216,-0.5350571126952558,1.3780984489747397,0.208625,0.791375,0.41725,6,6,TRUE
Tabor-Lola,Call structure,Partner,spectro_DTW,Dynamic time warping (DTW),0.6449813475638545,0.6541874629072327,-0.2786036171409296,1.6223546448569897,0.082875,0.917125,0.16575,6,6,TRUE
Tabor-Lola,Sequence structure,Non-partner,bigram,Bigram distribution,-1.3776702415978064,-1.3930174915384999,-2.004966761386662,-0.8574504526455439,1,0,0,8,100,TRUE
Tabor-Lola,Sequence structure,Non-partner,local_alignment,Local alignment,-1.4964882016280605,-1.513338073768504,-2.1376258223167452,-0.9821015078893944,1,0,0,8,100,TRUE
Tabor-Lola,Sequence structure,Non-partner,repeat_A_len,Repeat distribution of phee,-0.2451175201854588,-0.2583931404852639,-0.8658623031621057,0.2799574323927314,0.80625,0.19375,0.38749999999999996,8,100,TRUE
Tabor-Lola,Sequence structure,Non-partner,transition_matrix,Transition probabilities,-1.366598685026434,-1.3812224099621262,-1.989721699501564,-0.8460379104534623,1,0,0,8,100,TRUE
Tabor-Lola,Sequence structure,Partner,bigram,Bigram distribution,-0.3761159604005943,-0.36598952817284147,-1.333836419410537,0.627260752640171,0.76275,0.23725,0.4744999999999999,4,4,TRUE
Tabor-Lola,Sequence structure,Partner,local_alignment,Local alignment,-0.7617826997119053,-0.7634901954484822,-1.772876729890621,0.22709505422053516,0.93425,0.06575,0.13149999999999995,4,4,TRUE
Tabor-Lola,Sequence structure,Partner,repeat_A_len,Repeat distribution of phee,1.2299923427495483,1.224708158254267,0.20705015108241323,2.223904085992172,0.009625,0.990375,0.01925,4,4,TRUE
Tabor-Lola,Sequence structure,Partner,transition_matrix,Transition probabilities,-0.8506445238501792,-0.8526509327055783,-1.8252124979593811,0.0989785281921929,0.959375,0.040625,0.08125000000000004,4,4,TRUE
Wuschel-Olympia,Call structure,Non-partner,M_PC_pairwise,Mel-frequency cepstral coefficients (MFCC),0.005517423748848116,-0.015117987885388906,-0.7306187177322946,0.6026903977503768,0.49375,0.50625,0.9875,54,14,TRUE
Wuschel-Olympia,Call structure,Non-partner,T_PC_pairwise,Spectro-temporal parameters (STP),-0.099932629763265,-0.11998663752593056,-0.8393798939978477,0.4952435428002611,0.613875,0.386125,0.7722500000000001,54,14,TRUE
Wuschel-Olympia,Call structure,Non-partner,chatter_cosine,Variational autoencoder (VAE),0.06401621404418978,0.04904658923597031,-0.66713297364145,0.6678086382016415,0.422375,0.577625,0.84475,54,14,TRUE
Wuschel-Olympia,Call structure,Non-partner,spectro_DTW,Dynamic time warping (DTW),0.05701225088816797,0.031981636832690744,-0.6884793041336312,0.6521928002790263,0.43525,0.56475,0.8705,54,14,TRUE
Wuschel-Olympia,Call structure,Partner,M_PC_pairwise,Mel-frequency cepstral coefficients (MFCC),-0.1972101255719746,-0.20358081944422046,-1.1221455569850878,0.6814262313685723,0.673375,0.326625,0.6532500000000001,20,6,TRUE
Wuschel-Olympia,Call structure,Partner,T_PC_pairwise,Spectro-temporal parameters (STP),-0.11254643981431928,-0.11765134525982746,-1.0300326225236145,0.7643913451040919,0.59875,0.40125,0.8025,20,6,TRUE
Wuschel-Olympia,Call structure,Partner,chatter_cosine,Variational autoencoder (VAE),-0.5970933135293346,-0.5916018989196077,-1.4987084076296582,0.3015585633523873,0.90775,0.09225,0.1845000000000001,20,6,TRUE
Wuschel-Olympia,Call structure,Partner,spectro_DTW,Dynamic time warping (DTW),-0.3271447598322441,-0.33216361862303717,-1.2372366825627517,0.5633381319699713,0.765,0.235,0.47,20,6,TRUE
Wuschel-Olympia,Sequence structure,Non-partner,bigram,Bigram distribution,-1.2026688605174727,-1.2018118587264672,-1.794886536656576,-0.6124428806028973,0.999875,1.25e-4,2.500000000000835e-4,18,8,TRUE
Wuschel-Olympia,Sequence structure,Non-partner,local_alignment,Local alignment,-1.3165822284839865,-1.3221324409564712,-1.921055369960642,-0.7313255006442761,1,0,0,18,8,TRUE
Wuschel-Olympia,Sequence structure,Non-partner,repeat_A_len,Repeat distribution of phee,-0.06283204878373627,-0.06718750767323124,-0.6739213343395947,0.5166655473044872,0.589125,0.410875,0.82175,18,8,TRUE
Wuschel-Olympia,Sequence structure,Non-partner,transition_matrix,Transition probabilities,-1.1847526722989346,-1.1900167771500936,-1.7790394514155252,-0.6142768711691505,0.99975,2.5e-4,4.999999999999449e-4,18,8,TRUE
Wuschel-Olympia,Sequence structure,Partner,bigram,Bigram distribution,0.09185906792027554,0.09998192184093632,-0.9446021044684858,1.1677704075509643,0.430625,0.569375,0.86125,16,2,TRUE
Wuschel-Olympia,Sequence structure,Partner,local_alignment,Local alignment,-0.29922944887747116,-0.2975187454347044,-1.3200619814510015,0.7560582759227376,0.716125,0.283875,0.56775,16,2,TRUE
Wuschel-Olympia,Sequence structure,Partner,repeat_A_len,Repeat distribution of phee,1.681636044091797,1.6906796082680446,0.682007901082042,2.7593271045959185,6.25e-4,0.999375,0.00125,16,2,TRUE
Wuschel-Olympia,Sequence structure,Partner,transition_matrix,Transition probabilities,-0.3986453919168833,-0.3866794826918005,-1.3715104940973843,0.6361003016042046,0.782875,0.217125,0.43425,16,2,TRUE
