focal_id,conspecific_id,comparison_type,N_comparisons
Lola,Wuschel,across_stage,10
Lola,Wuschel,within_after,10
Lola,Wuschel,within_before,1
Nougatti,Tabor,across_stage,12
Nougatti,Tabor,within_after,3
Nougatti,Tabor,within_before,6
Nougatti,Wuschel,across_stage,20
Nougatti,Wuschel,within_after,6
Nougatti,Wuschel,within_before,10
Odin,Lola,across_stage,20
Odin,Lola,within_after,10
Odin,Lola,within_before,6
Odin,Olympia,across_stage,16
Odin,Olympia,within_after,6
Odin,Olympia,within_before,6
Olympia,Odin,across_stage,2
Olympia,Odin,within_after,1
Tabor,Nougatti,across_stage,10
Tabor,Nougatti,within_after,10
Tabor,Nougatti,within_before,1
Tabor,Olympia,across_stage,10
Tabor,Olympia,within_after,10
Tabor,Olympia,within_before,1
Wuschel,Lola,across_stage,9
Wuschel,Lola,within_after,3
Wuschel,Lola,within_before,3
Wuschel,Nougatti,across_stage,3
Wuschel,Nougatti,within_before,3
