pair,stage,session_focal,session_partner,sess_pair,metric,distance,z_distance,distance_01
Tabor-Lola,before,1.0,1.0,"(1.0,1.0)",T_PC_pairwise,3.810190940694146,-0.2473479214588514,0.4072401887153895
Tabor-Lola,before,1.0,1.0,"(1.0,1.0)",M_PC_pairwise,14.347116248767993,0.4118068938904857,0.5936179383847898
Tabor-Lola,before,1.0,1.0,"(1.0,1.0)",spectro_DTW,0.009475961021946727,-0.61495288166801,0.3573660796976216
Tabor-Lola,before,1.0,4.0,"(1.0,4.0)",T_PC_pairwise,4.345965920112098,0.3796224678468057,0.5647426836916739
Tabor-Lola,before,1.0,4.0,"(1.0,4.0)",M_PC_pairwise,18.613261117814737,1.8541873817814065,0.973274250669782
Tabor-Lola,before,1.0,4.0,"(1.0,4.0)",spectro_DTW,0.011884158897353123,0.12360114718935934,0.5208910294200378
Tabor-Lola,before,1.0,5.0,"(1.0,5.0)",T_PC_pairwise,3.7121794424504673,-0.362042167310025,0.37842761608179354
Tabor-Lola,before,1.0,5.0,"(1.0,5.0)",M_PC_pairwise,14.873757900366636,0.5898640545574805,0.6404852702450637
Tabor-Lola,before,1.0,5.0,"(1.0,5.0)",spectro_DTW,0.00720497983221422,-1.3114248469765926,0.20315861665478832
Tabor-Lola,before,2.0,1.0,"(2.0,1.0)",T_PC_pairwise,4.311886345151711,0.3397421352424399,0.5547242649707709
Tabor-Lola,before,2.0,1.0,"(2.0,1.0)",M_PC_pairwise,14.085655148830362,0.32340708552279573,0.5703497747252471
Tabor-Lola,before,2.0,1.0,"(2.0,1.0)",spectro_DTW,0.014100313599239193,0.8032587452482187,0.6713755846569532
Tabor-Lola,before,2.0,4.0,"(2.0,4.0)",T_PC_pairwise,5.052984678206205,1.2069844071636229,0.7725859437778966
Tabor-Lola,before,2.0,4.0,"(2.0,4.0)",M_PC_pairwise,17.855679419062053,1.5980495585695347,0.9058549100632565
Tabor-Lola,before,2.0,4.0,"(2.0,4.0)",spectro_DTW,0.017328306042320794,1.7932300629318785,0.89056741575604
Tabor-Lola,before,2.0,5.0,"(2.0,5.0)",T_PC_pairwise,4.489988548562887,0.5481594971920576,0.6070812104714887
Tabor-Lola,before,2.0,5.0,"(2.0,5.0)",M_PC_pairwise,15.030775230547453,0.6429515000769157,0.6544586870818446
Tabor-Lola,before,2.0,5.0,"(2.0,5.0)",spectro_DTW,0.011666558349339044,0.05686669689413656,0.5061152009729807
Tabor-Lola,before,3.0,1.0,"(3.0,1.0)",T_PC_pairwise,4.336906591041387,0.36902113091897437,0.5620795004780825
Tabor-Lola,before,3.0,1.0,"(3.0,1.0)",M_PC_pairwise,13.504340566382211,0.1268650465654957,0.518616943932028
Tabor-Lola,before,3.0,1.0,"(3.0,1.0)",spectro_DTW,0.01222923613333276,0.22943056656658475,0.5443229650762379
Tabor-Lola,before,3.0,4.0,"(3.0,4.0)",T_PC_pairwise,5.056335728848472,1.2109058473324927,0.773571056665255
Tabor-Lola,before,3.0,4.0,"(3.0,4.0)",M_PC_pairwise,16.35884057609955,1.0919694307541,0.7726469828483844
Tabor-Lola,before,3.0,4.0,"(3.0,4.0)",spectro_DTW,0.013762452842060714,0.6996424992763807,0.6484336728252833
Tabor-Lola,before,3.0,5.0,"(3.0,5.0)",T_PC_pairwise,4.645228778384045,0.729823499928072,0.6527173906904429
Tabor-Lola,before,3.0,5.0,"(3.0,5.0)",M_PC_pairwise,13.443655504521594,0.1063474711382537,0.5132164084359288
Tabor-Lola,before,3.0,5.0,"(3.0,5.0)",spectro_DTW,0.009492831150429941,-0.6097790952919563,0.3585116196635028
Tabor-Lola,before,4.0,1.0,"(4.0,1.0)",T_PC_pairwise,4.460663280964813,0.5138427128165884,0.5984604219129008
Tabor-Lola,before,4.0,1.0,"(4.0,1.0)",M_PC_pairwise,15.112268406064345,0.6705042836484918,0.6617109955342882
Tabor-Lola,before,4.0,1.0,"(4.0,1.0)",spectro_DTW,0.015572263222900395,1.254681087212794,0.7713260458135175
Tabor-Lola,before,4.0,4.0,"(4.0,4.0)",T_PC_pairwise,5.192416790435021,1.370149558662076,0.8135749902983395
Tabor-Lola,before,4.0,4.0,"(4.0,4.0)",M_PC_pairwise,18.60681551201452,1.852008127132479,0.9727006379576802
Tabor-Lola,before,4.0,4.0,"(4.0,4.0)",spectro_DTW,0.018767642125671214,2.2346503773065214,0.9883033049315993
Tabor-Lola,before,4.0,5.0,"(4.0,5.0)",T_PC_pairwise,4.590036349506297,0.665236649198688,0.6364923977624601
Tabor-Lola,before,4.0,5.0,"(4.0,5.0)",M_PC_pairwise,16.25620801214976,1.0572694352763392,0.763513420359158
Tabor-Lola,before,4.0,5.0,"(4.0,5.0)",spectro_DTW,0.013111972076010921,0.5001509228712524,0.6042637831123207
Tabor-Lola,before,5.0,1.0,"(5.0,1.0)",T_PC_pairwise,4.270778771433791,0.2916375531185512,0.5426398159544548
Tabor-Lola,before,5.0,1.0,"(5.0,1.0)",M_PC_pairwise,14.938468257256957,0.6117425793165127,0.6462440281442334
Tabor-Lola,before,5.0,1.0,"(5.0,1.0)",spectro_DTW,0.011547275812891469,0.020284737095332128,0.4980155049411251
Tabor-Lola,before,5.0,4.0,"(5.0,4.0)",T_PC_pairwise,4.926345404630734,1.058789590859854,0.7353576253301227
Tabor-Lola,before,5.0,4.0,"(5.0,4.0)",M_PC_pairwise,18.573630692350594,1.8407883636582674,0.9697474268867529
Tabor-Lola,before,5.0,4.0,"(5.0,4.0)",spectro_DTW,0.013428985249079727,0.5973735633203118,0.6257900720094373
Tabor-Lola,before,5.0,5.0,"(5.0,5.0)",T_PC_pairwise,4.342486499543124,0.3755508076303142,0.5637198337234269
Tabor-Lola,before,5.0,5.0,"(5.0,5.0)",M_PC_pairwise,15.41861786636009,0.774080814115736,0.6889739014919026
Tabor-Lola,before,5.0,5.0,"(5.0,5.0)",spectro_DTW,0.008950644613364128,-0.7760586420981367,0.32169528196995006
Tabor-Lola,before,6.0,1.0,"(6.0,1.0)",T_PC_pairwise,4.682849834056979,0.7738481162828221,0.663776903283894
Tabor-Lola,before,6.0,1.0,"(6.0,1.0)",M_PC_pairwise,14.726487128509717,0.5400719133425199,0.6273792272327327
Tabor-Lola,before,6.0,1.0,"(6.0,1.0)",spectro_DTW,0.01576471196673978,1.3137018996479561,0.78439397992386
Tabor-Lola,before,6.0,4.0,"(6.0,4.0)",T_PC_pairwise,5.50821529542829,1.7397008054053835,0.9064107037171618
Tabor-Lola,before,6.0,4.0,"(6.0,4.0)",M_PC_pairwise,18.21569248897454,1.7197697165498969,0.9378934925992298
Tabor-Lola,before,6.0,4.0,"(6.0,4.0)",spectro_DTW,0.01893989691774309,2.287478042331018,1.0
Tabor-Lola,before,6.0,5.0,"(6.0,5.0)",T_PC_pairwise,4.8979895586484625,1.025607235435363,0.7270218189544259
Tabor-Lola,before,6.0,5.0,"(6.0,5.0)",M_PC_pairwise,15.69528036712006,0.8676202050826566,0.71359488085624
Tabor-Lola,before,6.0,5.0,"(6.0,5.0)",spectro_DTW,0.013215215809715995,0.531814050000825,0.6112743890661309
Tabor-Lola,after,2.0,2.0,"(2.0,2.0)",T_PC_pairwise,4.643965546540518,0.7283452506795173,0.6523460367177265
Tabor-Lola,after,2.0,2.0,"(2.0,2.0)",M_PC_pairwise,17.586285722032432,1.5069677448750205,0.8818808021258624
Tabor-Lola,after,2.0,2.0,"(2.0,2.0)",spectro_DTW,0.01581016122527289,1.3276404274329892,0.7874801414857681
Tabor-Lola,after,2.0,3.0,"(2.0,3.0)",T_PC_pairwise,4.969070157400254,1.108786615554801,0.747917478658389
Tabor-Lola,after,2.0,3.0,"(2.0,3.0)",M_PC_pairwise,18.333404615120873,1.7595681010758222,0.9483690280289324
Tabor-Lola,after,2.0,3.0,"(2.0,3.0)",spectro_DTW,0.017133164485260283,1.73338340969944,0.8773166303314042
Tabor-Lola,after,2.0,4.0,"(2.0,4.0)",T_PC_pairwise,4.909302612299304,1.0388459082442525,0.7303475326294911
Tabor-Lola,after,2.0,4.0,"(2.0,4.0)",M_PC_pairwise,17.120396529680914,1.3494509466427926,0.8404200036459614
Tabor-Lola,after,2.0,4.0,"(2.0,4.0)",spectro_DTW,0.015653585564128384,1.279621289744909,0.7768481135374465
Tabor-Lola,after,2.0,5.0,"(2.0,5.0)",T_PC_pairwise,4.6856501896801115,0.7771251264506672,0.6646001276120315
Tabor-Lola,after,2.0,5.0,"(2.0,5.0)",M_PC_pairwise,18.37803981722084,1.7746592305517999,0.9523412410567463
Tabor-Lola,after,2.0,5.0,"(2.0,5.0)",spectro_DTW,0.017158003309711223,1.7410010619105265,0.8790032722643552
Tabor-Lola,after,2.0,6.0,"(2.0,6.0)",T_PC_pairwise,5.083435805333145,1.2426186860362833,0.7815377027841557
Tabor-Lola,after,2.0,6.0,"(2.0,6.0)",M_PC_pairwise,18.7217048291141,1.890852121965822,0.9829249636169993
Tabor-Lola,after,2.0,6.0,"(2.0,6.0)",spectro_DTW,0.018182668276786693,2.0552486772709893,0.9485815610480628
Tabor-Lola,after,3.0,2.0,"(3.0,2.0)",T_PC_pairwise,4.611609003329712,0.6904812307592456,0.642834139969494
Tabor-Lola,after,3.0,2.0,"(3.0,2.0)",M_PC_pairwise,17.66898278422424,1.5349275616587434,0.8892402478625376
Tabor-Lola,after,3.0,2.0,"(3.0,2.0)",spectro_DTW,0.014676292985647384,0.9799019940089867,0.7104865734861635
Tabor-Lola,after,3.0,3.0,"(3.0,3.0)",T_PC_pairwise,4.9717243808334155,1.1118926200587838,0.7486977443090947
Tabor-Lola,after,3.0,3.0,"(3.0,3.0)",M_PC_pairwise,18.434211614524266,1.7936508745037145,0.9573401283597468
Tabor-Lola,after,3.0,3.0,"(3.0,3.0)",spectro_DTW,0.016088635056454203,1.4130436960143127,0.8063894760167805
Tabor-Lola,after,3.0,4.0,"(3.0,4.0)",T_PC_pairwise,4.870734606167139,0.9937131589589169,0.7190096437294239
Tabor-Lola,after,3.0,4.0,"(3.0,4.0)",M_PC_pairwise,17.141500533469845,1.3565861950265008,0.8422981087030793
Tabor-Lola,after,3.0,4.0,"(3.0,4.0)",spectro_DTW,0.01442476635322748,0.902762980792601,0.6934070467826644
Tabor-Lola,after,3.0,5.0,"(3.0,5.0)",T_PC_pairwise,4.687116128842589,0.7788405862662696,0.6650310717293257
Tabor-Lola,after,3.0,5.0,"(3.0,5.0)",M_PC_pairwise,18.516645698419765,1.8215217785160762,0.964676170913161
Tabor-Lola,after,3.0,5.0,"(3.0,5.0)",spectro_DTW,0.01601498664482794,1.3904569594005933,0.8013884946060281
Tabor-Lola,after,3.0,6.0,"(3.0,6.0)",T_PC_pairwise,5.084394556535772,1.2437406283401427,0.7818195481712608
Tabor-Lola,after,3.0,6.0,"(3.0,6.0)",M_PC_pairwise,18.885266201927145,1.9461521035557356,0.997480753338305
Tabor-Lola,after,3.0,6.0,"(3.0,6.0)",spectro_DTW,0.01715974769824318,1.741536036711114,0.8791217222679442
Tabor-Lola,after,4.0,2.0,"(4.0,2.0)",T_PC_pairwise,4.052474333316367,0.03617504775421815,0.4784645651705469
Tabor-Lola,after,4.0,2.0,"(4.0,2.0)",M_PC_pairwise,16.405618038648957,1.107784856935206,0.7768098416998058
Tabor-Lola,after,4.0,2.0,"(4.0,2.0)",spectro_DTW,0.011490605228150366,0.002904816157073986,0.4941673765895606
Tabor-Lola,after,4.0,3.0,"(4.0,3.0)",T_PC_pairwise,4.422579292086768,0.4692763664016817,0.5872648202193363
Tabor-Lola,after,4.0,3.0,"(4.0,3.0)",M_PC_pairwise,17.519420234975737,1.4843605721688928,0.8759302530905323
Tabor-Lola,after,4.0,3.0,"(4.0,3.0)",spectro_DTW,0.012805660167255008,0.40621018128643016,0.5834641470067391
Tabor-Lola,after,4.0,4.0,"(4.0,4.0)",T_PC_pairwise,4.3196325530756265,0.3488068418529948,0.557001428185722
Tabor-Lola,after,4.0,4.0,"(4.0,4.0)",M_PC_pairwise,15.765182097967168,0.8912539296134885,0.7198156338241722
Tabor-Lola,after,4.0,4.0,"(4.0,4.0)",spectro_DTW,0.011295644702527759,-0.056886317759788245,0.48092888382454535
Tabor-Lola,after,4.0,5.0,"(4.0,5.0)",T_PC_pairwise,4.155402724093806,0.15662310097693938,0.5087225633490962
Tabor-Lola,after,4.0,5.0,"(4.0,5.0)",M_PC_pairwise,17.409486525938078,1.4471920648291907,0.8661469410253761
Tabor-Lola,after,4.0,5.0,"(4.0,5.0)",spectro_DTW,0.01263356802300452,0.35343239762965595,0.5717784962869307
Tabor-Lola,after,4.0,6.0,"(4.0,6.0)",T_PC_pairwise,4.556801729664434,0.6263450933382121,0.6267223716399853
Tabor-Lola,after,4.0,6.0,"(4.0,6.0)",M_PC_pairwise,18.05672431546667,1.6660226923156627,0.9237464646905963
Tabor-Lola,after,4.0,6.0,"(4.0,6.0)",spectro_DTW,0.013707239152328713,0.6827093836814804,0.6446844726745726
Tabor-Lola,after,5.0,2.0,"(5.0,2.0)",T_PC_pairwise,4.157440192759081,0.1590073715594391,0.5093215207669387
Tabor-Lola,after,5.0,2.0,"(5.0,2.0)",M_PC_pairwise,17.407960094128548,1.4466759793408293,0.8660110995362684
Tabor-Lola,after,5.0,2.0,"(5.0,2.0)",spectro_DTW,0.012574392826683415,0.33528435419115626,0.5677602961622461
Tabor-Lola,after,5.0,3.0,"(5.0,3.0)",T_PC_pairwise,4.540720365352714,0.6075264854703369,0.6219949112339953
Tabor-Lola,after,5.0,3.0,"(5.0,3.0)",M_PC_pairwise,18.31179502844517,1.752261915484571,0.9464459297190682
Tabor-Lola,after,5.0,3.0,"(5.0,3.0)",spectro_DTW,0.013679237805893068,0.674121838847779,0.6427830845806745
Tabor-Lola,after,5.0,4.0,"(5.0,4.0)",T_PC_pairwise,4.408418787157356,0.45270557151685364,0.5831020374426392
Tabor-Lola,after,5.0,4.0,"(5.0,4.0)",M_PC_pairwise,16.835913274623053,1.2532673643166627,0.8151030332107235
Tabor-Lola,after,5.0,4.0,"(5.0,4.0)",spectro_DTW,0.012399222028914922,0.28156239896841645,0.5558655942399241
Tabor-Lola,after,5.0,5.0,"(5.0,5.0)",T_PC_pairwise,4.294400645347575,0.3192801569220059,0.5495839701616522
Tabor-Lola,after,5.0,5.0,"(5.0,5.0)",M_PC_pairwise,18.31239510289236,1.7524648002201988,0.9464993320433467
Tabor-Lola,after,5.0,5.0,"(5.0,5.0)",spectro_DTW,0.013722985755297297,0.6875386035649595,0.6457537213791884
Tabor-Lola,after,5.0,6.0,"(5.0,6.0)",T_PC_pairwise,4.686515612638102,0.7781378549089368,0.6648545371688969
Tabor-Lola,after,5.0,6.0,"(5.0,6.0)",M_PC_pairwise,18.795677697138448,1.915862295025297,0.9895080186105218
Tabor-Lola,after,5.0,6.0,"(5.0,6.0)",spectro_DTW,0.014630114720411471,0.96573989205552,0.7073509098523365
Tabor-Lola,after,6.0,2.0,"(6.0,2.0)",T_PC_pairwise,4.550871940962025,0.6194059825658339,0.6249791836390707
Tabor-Lola,after,6.0,2.0,"(6.0,2.0)",M_PC_pairwise,17.645326577157004,1.526929415196616,0.8871350150086416
Tabor-Lola,after,6.0,2.0,"(6.0,2.0)",spectro_DTW,0.013333714180063459,0.568155519166179,0.6193208375125596
Tabor-Lola,after,6.0,3.0,"(6.0,3.0)",T_PC_pairwise,4.938555017320104,1.0730774279466877,0.7389469016777397
Tabor-Lola,after,6.0,3.0,"(6.0,3.0)",M_PC_pairwise,18.439785126399997,1.7955352748289146,0.9578361309640112
Tabor-Lola,after,6.0,3.0,"(6.0,3.0)",spectro_DTW,0.014500925905190065,0.926119842166979,0.6985785432916303
Tabor-Lola,after,6.0,4.0,"(6.0,4.0)",T_PC_pairwise,4.795443588905503,0.9056066959526947,0.6968762416043508
Tabor-Lola,after,6.0,4.0,"(6.0,4.0)",M_PC_pairwise,17.07678283606675,1.334705188445421,0.8365386975508919
Tabor-Lola,after,6.0,4.0,"(6.0,4.0)",spectro_DTW,0.013137933015439827,0.5081127089868993,0.6060266205262281
Tabor-Lola,after,6.0,5.0,"(6.0,5.0)",T_PC_pairwise,4.676906554736451,0.7668932186252426,0.6620297494277341
Tabor-Lola,after,6.0,5.0,"(6.0,5.0)",M_PC_pairwise,18.487130271282126,1.811542633995227,0.9620495094737205
Tabor-Lola,after,6.0,5.0,"(6.0,5.0)",spectro_DTW,0.014502976212497434,0.9267486371417263,0.6987177662362135
Tabor-Lola,after,6.0,6.0,"(6.0,6.0)",T_PC_pairwise,5.073887429275686,1.231445060383803,0.7787307537667617
Tabor-Lola,after,6.0,6.0,"(6.0,6.0)",M_PC_pairwise,18.91357462423407,1.955723160618223,1.0
Tabor-Lola,after,6.0,6.0,"(6.0,6.0)",spectro_DTW,0.015462389609337563,1.2209846867671896,0.7638652481285888
Odin-Nougatti,before,1.0,1.0,"(1.0,1.0)",T_PC_pairwise,3.6908611344892455,-0.38698911025294747,0.372160644271701
Odin-Nougatti,before,1.0,1.0,"(1.0,1.0)",M_PC_pairwise,11.36727538801342,-0.5956751411799431,0.32843346220852576
Odin-Nougatti,before,1.0,1.0,"(1.0,1.0)",spectro_DTW,0.011919264649795001,0.13436749457584368,0.5232748312087745
Odin-Nougatti,before,1.0,2.0,"(1.0,2.0)",T_PC_pairwise,3.5068650051606878,-0.6023036159082568,0.31807105340146347
Odin-Nougatti,before,1.0,2.0,"(1.0,2.0)",M_PC_pairwise,11.526302938051728,-0.5419080417838069,0.3425857742027389
Odin-Nougatti,before,1.0,2.0,"(1.0,2.0)",spectro_DTW,0.009746786392129468,-0.5318952682102713,0.37575605732153833
Odin-Nougatti,before,1.0,3.0,"(1.0,3.0)",T_PC_pairwise,3.763784995301215,-0.3016527224794423,0.3935981702152718
Odin-Nougatti,before,1.0,3.0,"(1.0,3.0)",M_PC_pairwise,12.082941306869824,-0.35370901276816713,0.392122598869697
Odin-Nougatti,before,1.0,3.0,"(1.0,3.0)",spectro_DTW,0.01211619784968365,0.19476361471152417,0.5366472753668491
Odin-Nougatti,before,1.0,4.0,"(1.0,4.0)",T_PC_pairwise,3.925758682683201,-0.11210914591026373,0.44121379405587396
Odin-Nougatti,before,1.0,4.0,"(1.0,4.0)",M_PC_pairwise,11.873888590281846,-0.42438958471378574,0.3735184056485967
Odin-Nougatti,before,1.0,4.0,"(1.0,4.0)",spectro_DTW,0.013613789347062144,0.6540498906720389,0.6383389082739703
Odin-Nougatti,before,1.0,5.0,"(1.0,5.0)",T_PC_pairwise,3.479877166172448,-0.6338851129303034,0.31013740189111527
Odin-Nougatti,before,1.0,5.0,"(1.0,5.0)",M_PC_pairwise,11.442862386023503,-0.5701192319423005,0.33516016320019026
Odin-Nougatti,before,1.0,5.0,"(1.0,5.0)",spectro_DTW,0.013008985879681698,0.4685667781494205,0.5972706648354444
Odin-Nougatti,before,1.0,6.0,"(1.0,6.0)",T_PC_pairwise,3.5241364335621848,-0.5820923805860787,0.3231483585566898
Odin-Nougatti,before,1.0,6.0,"(1.0,6.0)",M_PC_pairwise,12.536040684634942,-0.20051644157684792,0.432445195532798
Odin-Nougatti,before,1.0,6.0,"(1.0,6.0)",spectro_DTW,0.013842854367018915,0.7243003028524821,0.6538932139454982
Odin-Nougatti,before,2.0,1.0,"(2.0,1.0)",T_PC_pairwise,4.672576405133643,0.7618260249590256,0.6607568094953696
Odin-Nougatti,before,2.0,1.0,"(2.0,1.0)",M_PC_pairwise,12.436343833218961,-0.23422387477489193,0.42357289041497537
Odin-Nougatti,before,2.0,1.0,"(2.0,1.0)",spectro_DTW,0.013783911637981804,0.706223553243665,0.6498907991519592
Odin-Nougatti,before,2.0,2.0,"(2.0,2.0)",T_PC_pairwise,4.476858391571658,0.5327944279807656,0.6032213204710345
Odin-Nougatti,before,2.0,2.0,"(2.0,2.0)",M_PC_pairwise,12.569901459780752,-0.1890681380441808,0.4354585617961527
Odin-Nougatti,before,2.0,2.0,"(2.0,2.0)",spectro_DTW,0.011801783360229572,0.09833794708308827,0.5152974460587816
Odin-Nougatti,before,2.0,3.0,"(2.0,3.0)",T_PC_pairwise,4.717167988697691,0.814007637727279,0.6738654575959413
Odin-Nougatti,before,2.0,3.0,"(2.0,3.0)",M_PC_pairwise,13.00684334142738,-0.0413384045786913,0.4743432571266916
Odin-Nougatti,before,2.0,3.0,"(2.0,3.0)",spectro_DTW,0.013880358516039039,0.7358021983738395,0.6564398751420424
Odin-Nougatti,before,2.0,4.0,"(2.0,4.0)",T_PC_pairwise,4.731437892645446,0.8307064526723108,0.6780604005499499
Odin-Nougatti,before,2.0,4.0,"(2.0,4.0)",M_PC_pairwise,12.703156723921612,-0.14401462982881744,0.4473173250892956
Odin-Nougatti,before,2.0,4.0,"(2.0,4.0)",spectro_DTW,0.015275670136625829,1.1637209460066413,0.7511863513073589
Odin-Nougatti,before,2.0,5.0,"(2.0,5.0)",T_PC_pairwise,4.432571189167859,0.4809690057437422,0.5902021517116128
Odin-Nougatti,before,2.0,5.0,"(2.0,5.0)",M_PC_pairwise,12.604988654547345,-0.17720518292670245,0.4385810706143979
Odin-Nougatti,before,2.0,5.0,"(2.0,5.0)",spectro_DTW,0.014783901397973042,1.0129036951041046,0.7177935561867826
Odin-Nougatti,before,2.0,6.0,"(2.0,6.0)",T_PC_pairwise,4.535782522298324,0.6017481615450497,0.620543326836171
Odin-Nougatti,before,2.0,6.0,"(2.0,6.0)",M_PC_pairwise,13.474110007752142,0.11664411660542189,0.5159266409160471
Odin-Nougatti,before,2.0,6.0,"(2.0,6.0)",spectro_DTW,0.015452064363259205,1.2178181064093243,0.7631641282733318
Odin-Nougatti,before,3.0,1.0,"(3.0,1.0)",T_PC_pairwise,3.128324379869933,-1.045276453991108,0.20679095406209708
Odin-Nougatti,before,3.0,1.0,"(3.0,1.0)",M_PC_pairwise,11.89177790293264,-0.41834122107369875,0.37511042623833146
Odin-Nougatti,before,3.0,1.0,"(3.0,1.0)",spectro_DTW,0.010359639490216576,-0.3439434685212316,0.417370898475324
Odin-Nougatti,before,3.0,2.0,"(3.0,2.0)",T_PC_pairwise,2.8789940289252542,-1.3370458594368888,0.13349497374259567
Odin-Nougatti,before,3.0,2.0,"(3.0,2.0)",M_PC_pairwise,11.408447433403985,-0.5817549024771302,0.3320974791141929
Odin-Nougatti,before,3.0,2.0,"(3.0,2.0)",spectro_DTW,0.008884449198035937,-0.7963596693441937,0.3172003847383137
Odin-Nougatti,before,3.0,3.0,"(3.0,3.0)",T_PC_pairwise,3.1760105858447543,-0.9894734764854702,0.2208093324961679
Odin-Nougatti,before,3.0,3.0,"(3.0,3.0)",M_PC_pairwise,12.318116135912904,-0.274196573536206,0.41305147284783267
Odin-Nougatti,before,3.0,3.0,"(3.0,3.0)",spectro_DTW,0.01071766485844939,-0.23414307344494853,0.4416820570132164
Odin-Nougatti,before,3.0,4.0,"(3.0,4.0)",T_PC_pairwise,3.7427259377184217,-0.3262962874802528,0.3874074105893884
Odin-Nougatti,before,3.0,4.0,"(3.0,4.0)",M_PC_pairwise,12.636854515352887,-0.16643135848645732,0.4414169038016385
Odin-Nougatti,before,3.0,4.0,"(3.0,4.0)",spectro_DTW,0.01202581953389311,0.16704609617614113,0.5305102757055773
Odin-Nougatti,before,3.0,5.0,"(3.0,5.0)",T_PC_pairwise,3.121330170017754,-1.0534611633231301,0.20473485673686806
Odin-Nougatti,before,3.0,5.0,"(3.0,5.0)",M_PC_pairwise,11.51479510467711,-0.5457988319062616,0.34156165952414536
Odin-Nougatti,before,3.0,5.0,"(3.0,5.0)",spectro_DTW,0.010782998878288284,-0.2141062217949071,0.4461184625172764
Odin-Nougatti,before,3.0,6.0,"(3.0,6.0)",T_PC_pairwise,2.8756164499485086,-1.3409983433850219,0.13250206228488853
Odin-Nougatti,before,3.0,6.0,"(3.0,6.0)",M_PC_pairwise,11.649325348725894,-0.5003142539082045,0.3535338868896388
Odin-Nougatti,before,3.0,6.0,"(3.0,6.0)",spectro_DTW,0.010668322715580499,-0.24927548377569253,0.43833155516524425
Odin-Nougatti,before,4.0,1.0,"(4.0,1.0)",T_PC_pairwise,4.4183480269815805,0.4643248885757914,0.5860209494964125
Odin-Nougatti,before,4.0,1.0,"(4.0,1.0)",M_PC_pairwise,12.85469745646315,-0.09277881800148698,0.4608033639941447
Odin-Nougatti,before,4.0,1.0,"(4.0,1.0)",spectro_DTW,0.014137129993393527,0.8145497178499181,0.6738755449237281
Odin-Nougatti,before,4.0,2.0,"(4.0,2.0)",T_PC_pairwise,4.216272163067952,0.2278532578832898,0.5266164346094708
Odin-Nougatti,before,4.0,2.0,"(4.0,2.0)",M_PC_pairwise,12.98342123089999,-0.0492574031703825,0.47225885718676475
Odin-Nougatti,before,4.0,2.0,"(4.0,2.0)",spectro_DTW,0.012683218036136562,0.3686592266232257,0.5751499035886518
Odin-Nougatti,before,4.0,3.0,"(4.0,3.0)",T_PC_pairwise,4.430652818147319,0.47872410467186394,0.5896382055893927
Odin-Nougatti,before,4.0,3.0,"(4.0,3.0)",M_PC_pairwise,13.24194424873478,0.03814904176801881,0.49526555260024585
Odin-Nougatti,before,4.0,3.0,"(4.0,3.0)",spectro_DTW,0.014106971834311071,0.8053007146343869,0.6718277018050033
Odin-Nougatti,before,4.0,4.0,"(4.0,4.0)",T_PC_pairwise,4.670870203660129,0.7598294072684318,0.6602552351417059
Odin-Nougatti,before,4.0,4.0,"(4.0,4.0)",M_PC_pairwise,13.05344732651887,-0.02558163100036102,0.4784906777278991
Odin-Nougatti,before,4.0,4.0,"(4.0,4.0)",spectro_DTW,0.015243760106880479,1.1539346733460487,0.7490195501225234
Odin-Nougatti,before,4.0,5.0,"(4.0,5.0)",T_PC_pairwise,4.240078775010341,0.25571204437194467,0.5336148965046714
Odin-Nougatti,before,4.0,5.0,"(4.0,5.0)",M_PC_pairwise,12.518086213115348,-0.20658683538324554,0.4308473762708191
Odin-Nougatti,before,4.0,5.0,"(4.0,5.0)",spectro_DTW,0.014462527446419468,0.9143436767959536,0.6959711553755437
Odin-Nougatti,before,4.0,6.0,"(4.0,6.0)",T_PC_pairwise,4.067128398988481,0.053323413415745,0.4827724406659866
Odin-Nougatti,before,4.0,6.0,"(4.0,6.0)",M_PC_pairwise,12.910319080028826,-0.07397318739150928,0.4657532897783028
Odin-Nougatti,before,4.0,6.0,"(4.0,6.0)",spectro_DTW,0.014399063138038943,0.8948802343929186,0.6916617097344366
Odin-Nougatti,before,5.0,1.0,"(5.0,1.0)",T_PC_pairwise,3.348708083452882,-0.7873807669208908,0.27157744932571926
Odin-Nougatti,before,5.0,1.0,"(5.0,1.0)",M_PC_pairwise,12.067824696672265,-0.35881992771862076,0.3907773289227021
Odin-Nougatti,before,5.0,1.0,"(5.0,1.0)",spectro_DTW,0.0119211856808423,0.1349566426828293,0.5234052758489899
Odin-Nougatti,before,5.0,2.0,"(5.0,2.0)",T_PC_pairwise,3.3063968836905513,-0.8368938468631401,0.25913916873402987
Odin-Nougatti,before,5.0,2.0,"(5.0,2.0)",M_PC_pairwise,12.814099102462462,-0.10650509206122483,0.4571904015097774
Odin-Nougatti,before,5.0,2.0,"(5.0,2.0)",spectro_DTW,0.010899201131740586,-0.17846893329550592,0.4540089966994862
Odin-Nougatti,before,5.0,3.0,"(5.0,3.0)",T_PC_pairwise,3.4791702581672994,-0.6347123452651778,0.30992959118922214
Odin-Nougatti,before,5.0,3.0,"(5.0,3.0)",M_PC_pairwise,12.596668778277733,-0.18001812706275944,0.4378406612658766
Odin-Nougatti,before,5.0,3.0,"(5.0,3.0)",spectro_DTW,0.012256719871389515,0.23785936956370196,0.5461892057742357
Odin-Nougatti,before,5.0,4.0,"(5.0,4.0)",T_PC_pairwise,4.147479893054956,0.14735170785173768,0.5063934779982833
Odin-Nougatti,before,5.0,4.0,"(5.0,4.0)",M_PC_pairwise,12.15311188292052,-0.32998439186887596,0.39836727713358205
Odin-Nougatti,before,5.0,4.0,"(5.0,4.0)",spectro_DTW,0.013395731777510978,0.5871752795117405,0.6235320464867389
Odin-Nougatti,before,5.0,5.0,"(5.0,5.0)",T_PC_pairwise,3.478787520043071,-0.6351602300675072,0.30981707714544576
Odin-Nougatti,before,5.0,5.0,"(5.0,5.0)",M_PC_pairwise,11.08354580813343,-0.6916039064747399,0.303183563461539
Odin-Nougatti,before,5.0,5.0,"(5.0,5.0)",spectro_DTW,0.01211625795623369,0.19478204838557794,0.5366513568091066
Odin-Nougatti,before,5.0,6.0,"(5.0,6.0)",T_PC_pairwise,2.9400918607088937,-1.2655484344904404,0.15145598594592535
Odin-Nougatti,before,5.0,6.0,"(5.0,6.0)",M_PC_pairwise,10.934680929304845,-0.7419350141013252,0.28993565635578683
Odin-Nougatti,before,5.0,6.0,"(5.0,6.0)",spectro_DTW,0.011404608369494132,-0.02346898272310374,0.4883278929941051
Odin-Nougatti,before,6.0,1.0,"(6.0,1.0)",T_PC_pairwise,3.612481339911185,-0.47871009799614167,0.34911923010341633
Odin-Nougatti,before,6.0,1.0,"(6.0,1.0)",M_PC_pairwise,12.032170045475063,-0.37087473944396476,0.38760432054983784
Odin-Nougatti,before,6.0,1.0,"(6.0,1.0)",spectro_DTW,0.011359628339383337,-0.03726360599543209,0.4852735936620209
Odin-Nougatti,before,6.0,2.0,"(6.0,2.0)",T_PC_pairwise,3.3464940831061134,-0.7899716170215141,0.27092659665082713
Odin-Nougatti,before,6.0,2.0,"(6.0,2.0)",M_PC_pairwise,11.995258635840955,-0.3833544602858598,0.3843194696849263
Odin-Nougatti,before,6.0,2.0,"(6.0,2.0)",spectro_DTW,0.010338891992406342,-0.35030637924918484,0.4159620717460371
Odin-Nougatti,before,6.0,3.0,"(6.0,3.0)",T_PC_pairwise,3.6057176004591076,-0.486625108066298,0.34713088447326207
Odin-Nougatti,before,6.0,3.0,"(6.0,3.0)",M_PC_pairwise,12.50880208968399,-0.20972579078575035,0.4300211558369275
Odin-Nougatti,before,6.0,3.0,"(6.0,3.0)",spectro_DTW,0.011712578703446061,0.07098037014428196,0.5092401418959884
Odin-Nougatti,before,6.0,4.0,"(6.0,4.0)",T_PC_pairwise,4.071093253158467,0.05796313392900398,0.48393799420614697
Odin-Nougatti,before,6.0,4.0,"(6.0,4.0)",M_PC_pairwise,12.72036798286572,-0.13819551565547075,0.4488490037596363
Odin-Nougatti,before,6.0,4.0,"(6.0,4.0)",spectro_DTW,0.012843693665454453,0.41787441935158476,0.5860467528400667
Odin-Nougatti,before,6.0,5.0,"(6.0,5.0)",T_PC_pairwise,3.5227493250659485,-0.583715591798441,0.32274058839691605
Odin-Nougatti,before,6.0,5.0,"(6.0,5.0)",M_PC_pairwise,11.774683056909668,-0.457930903637354,0.3646898243147512
Odin-Nougatti,before,6.0,5.0,"(6.0,5.0)",spectro_DTW,0.01183598215325765,0.10882614517963549,0.5176196621721647
Odin-Nougatti,before,6.0,6.0,"(6.0,6.0)",T_PC_pairwise,3.3294757581099135,-0.8098866676642097,0.26592369664580884
Odin-Nougatti,before,6.0,6.0,"(6.0,6.0)",M_PC_pairwise,11.708828023695926,-0.48019644263161104,0.35882919842819483
Odin-Nougatti,before,6.0,6.0,"(6.0,6.0)",spectro_DTW,0.011375619743221635,-0.03235930977771911,0.48635946519083256
Odin-Nougatti,after,1.0,2.0,"(1.0,2.0)",T_PC_pairwise,4.968534399553302,1.1081596652141144,0.7477599811998666
Odin-Nougatti,after,1.0,2.0,"(1.0,2.0)",M_PC_pairwise,12.592271760670739,-0.18150475552848666,0.43744935821805103
Odin-Nougatti,after,1.0,2.0,"(1.0,2.0)",spectro_DTW,0.011874528897574005,0.12064778724855185,0.5202371191887445
Odin-Nougatti,after,1.0,3.0,"(1.0,3.0)",T_PC_pairwise,5.24705759455971,1.4340908914045027,0.8296378213519625
Odin-Nougatti,after,1.0,3.0,"(1.0,3.0)",M_PC_pairwise,13.921689603866476,0.2679704536216487,0.5557580165797489
Odin-Nougatti,after,1.0,3.0,"(1.0,3.0)",spectro_DTW,0.011811457359455777,0.10130480091874794,0.5159543440044344
Odin-Nougatti,after,1.0,4.0,"(1.0,4.0)",T_PC_pairwise,5.524823296252912,1.7591356897180364,0.9112929801707726
Odin-Nougatti,after,1.0,4.0,"(1.0,4.0)",M_PC_pairwise,14.864387461821783,0.5866959160776691,0.6396513683848049
Odin-Nougatti,after,1.0,4.0,"(1.0,4.0)",spectro_DTW,0.013522078590465742,0.6259237348168437,0.632111431281906
Odin-Nougatti,after,1.0,5.0,"(1.0,5.0)",T_PC_pairwise,4.80660116290243,0.9186634245818661,0.7001562487153729
Odin-Nougatti,after,1.0,5.0,"(1.0,5.0)",M_PC_pairwise,12.559605800074031,-0.192549093128169,0.43454232188476216
Odin-Nougatti,after,1.0,5.0,"(1.0,5.0)",spectro_DTW,0.012896902543147164,0.43419269260988125,0.5896598193319631
Odin-Nougatti,after,1.0,6.0,"(1.0,6.0)",T_PC_pairwise,5.000312692122715,1.145347009209459,0.7571018888253522
Odin-Nougatti,after,1.0,6.0,"(1.0,6.0)",M_PC_pairwise,12.567729961155479,-0.18980232015536538,0.4352653139844844
Odin-Nougatti,after,1.0,6.0,"(1.0,6.0)",spectro_DTW,0.011745275024227243,0.08100778512058639,0.511460334956722
Odin-Nougatti,after,2.0,2.0,"(2.0,2.0)",T_PC_pairwise,2.465567557177866,-1.820842538823293,0.011959434960632558
Odin-Nougatti,after,2.0,2.0,"(2.0,2.0)",M_PC_pairwise,8.27296429166132,-1.6418594799316442,0.05306195562251798
Odin-Nougatti,after,2.0,2.0,"(2.0,2.0)",spectro_DTW,0.005909033172605812,-1.7088700222309388,0.1151593643841934
Odin-Nougatti,after,2.0,3.0,"(2.0,3.0)",T_PC_pairwise,2.632758606332569,-1.625193542129154,0.06110881369454731
Odin-Nougatti,after,2.0,3.0,"(2.0,3.0)",M_PC_pairwise,9.4572862606468,-1.2414410806786174,0.15845812127209127
Odin-Nougatti,after,2.0,3.0,"(2.0,3.0)",spectro_DTW,0.006197283548320381,-1.6204684508826046,0.13473256004123135
Odin-Nougatti,after,2.0,4.0,"(2.0,4.0)",T_PC_pairwise,3.0647142896465103,-1.1197137542817512,0.18809140984907755
Odin-Nougatti,after,2.0,4.0,"(2.0,4.0)",M_PC_pairwise,11.209298880792304,-0.6490868837614397,0.3143746854908392
Odin-Nougatti,after,2.0,4.0,"(2.0,4.0)",spectro_DTW,0.008438340112209486,-0.9331738680492744,0.28690803767851364
Odin-Nougatti,after,2.0,5.0,"(2.0,5.0)",T_PC_pairwise,2.663350445003896,-1.5893946008979407,0.07010193786372818
Odin-Nougatti,after,2.0,5.0,"(2.0,5.0)",M_PC_pairwise,8.990618114840798,-1.3992212425091783,0.11692800151852308
Odin-Nougatti,after,2.0,5.0,"(2.0,5.0)",spectro_DTW,0.00705911027261316,-1.3561606023026918,0.19325356996265597
Odin-Nougatti,after,2.0,6.0,"(2.0,6.0)",T_PC_pairwise,2.424885242774859,-1.8684494773309812,0.0
Odin-Nougatti,after,2.0,6.0,"(2.0,6.0)",M_PC_pairwise,8.261549550158085,-1.645718795759863,0.052046125453165726
Odin-Nougatti,after,2.0,6.0,"(2.0,6.0)",spectro_DTW,0.005604225993770174,-1.8023492883048364,0.09446190463507795
Odin-Nougatti,after,3.0,2.0,"(3.0,2.0)",T_PC_pairwise,5.329219389186841,1.5302376215474185,0.8537910351872943
Odin-Nougatti,after,3.0,2.0,"(3.0,2.0)",M_PC_pairwise,12.506161451800384,-0.21061858854011928,0.42978615799420455
Odin-Nougatti,after,3.0,2.0,"(3.0,2.0)",spectro_DTW,0.012591579546715416,0.34055523390254067,0.5689273337872801
Odin-Nougatti,after,3.0,3.0,"(3.0,3.0)",T_PC_pairwise,5.570093278925421,1.812111173363947,0.9246010581743395
Odin-Nougatti,after,3.0,3.0,"(3.0,3.0)",M_PC_pairwise,13.423882089770744,0.09966209394383772,0.5114567162651219
Odin-Nougatti,after,3.0,3.0,"(3.0,3.0)",spectro_DTW,0.01247976829179864,0.3062645912465885,0.56133496356497
Odin-Nougatti,after,3.0,4.0,"(3.0,4.0)",T_PC_pairwise,5.826577257232313,2.1122518404485353,1.0
Odin-Nougatti,after,3.0,4.0,"(3.0,4.0)",M_PC_pairwise,14.17728220570473,0.35438612703574607,0.5785039259756762
Odin-Nougatti,after,3.0,4.0,"(3.0,4.0)",spectro_DTW,0.014148539083163124,0.8180486949485127,0.6746502615074463
Odin-Nougatti,after,3.0,5.0,"(3.0,5.0)",T_PC_pairwise,5.160735231793698,1.3330754138844692,0.8042615196764624
Odin-Nougatti,after,3.0,5.0,"(3.0,5.0)",M_PC_pairwise,12.46241236048071,-0.2254101246035806,0.4258928024739177
Odin-Nougatti,after,3.0,5.0,"(3.0,5.0)",spectro_DTW,0.013339932406674731,0.5700625453134087,0.6197430765670641
Odin-Nougatti,after,3.0,6.0,"(3.0,6.0)",T_PC_pairwise,5.3517908766219,1.5566510503337727,0.8604264058613965
Odin-Nougatti,after,3.0,6.0,"(3.0,6.0)",M_PC_pairwise,12.57770945610483,-0.18642826014667005,0.436153417498837
Odin-Nougatti,after,3.0,6.0,"(3.0,6.0)",spectro_DTW,0.012465641362444636,0.3019320981834835,0.5603756962904918
Odin-Nougatti,after,4.0,2.0,"(4.0,2.0)",T_PC_pairwise,2.9900182341024926,-1.207123985858647,0.16613290942442013
Odin-Nougatti,after,4.0,2.0,"(4.0,2.0)",M_PC_pairwise,9.599880638876751,-1.19323002475923,0.17114799877347375
Odin-Nougatti,after,4.0,2.0,"(4.0,2.0)",spectro_DTW,0.00819411373219127,-1.0080740158974926,0.270324223316238
Odin-Nougatti,after,4.0,3.0,"(4.0,3.0)",T_PC_pairwise,3.0713970128568464,-1.1118935504018348,0.19005593902512702
Odin-Nougatti,after,4.0,3.0,"(4.0,3.0)",M_PC_pairwise,10.095039868962187,-1.0258170479856796,0.21521362079491216
Odin-Nougatti,after,4.0,3.0,"(4.0,3.0)",spectro_DTW,0.007790832663016871,-1.1317535778813255,0.24294004644513384
Odin-Nougatti,after,4.0,4.0,"(4.0,4.0)",T_PC_pairwise,3.4314896019469114,-0.6905088283807613,0.2959128442239644
Odin-Nougatti,after,4.0,4.0,"(4.0,4.0)",M_PC_pairwise,11.195695901742418,-0.6536860411180271,0.313164117865806
Odin-Nougatti,after,4.0,4.0,"(4.0,4.0)",spectro_DTW,0.009348825316267441,-0.6539432771832523,0.34873312636291237
Odin-Nougatti,after,4.0,5.0,"(4.0,5.0)",T_PC_pairwise,3.0543611971141242,-1.1318290689285815,0.18504789724170903
Odin-Nougatti,after,4.0,5.0,"(4.0,5.0)",M_PC_pairwise,10.008436209877994,-1.0550976823470042,0.2075065159385226
Odin-Nougatti,after,4.0,5.0,"(4.0,5.0)",spectro_DTW,0.00866561617866003,-0.8634720980020026,0.3023408672308452
Odin-Nougatti,after,4.0,6.0,"(4.0,6.0)",T_PC_pairwise,3.0369588339659916,-1.152193525681818,0.1799321010220127
Odin-Nougatti,after,4.0,6.0,"(4.0,6.0)",M_PC_pairwise,9.694693677060675,-1.1611738052748912,0.1795856795223434
Odin-Nougatti,after,4.0,6.0,"(4.0,6.0)",spectro_DTW,0.007821438751358004,-1.1223672022505051,0.24501830550693912
Odin-Nougatti,after,5.0,2.0,"(5.0,2.0)",T_PC_pairwise,4.201095112389841,0.21009288881472235,0.5221548165048313
Odin-Nougatti,after,5.0,2.0,"(5.0,2.0)",M_PC_pairwise,11.493689566649193,-0.5529345990150589,0.3396834179307556
Odin-Nougatti,after,5.0,2.0,"(5.0,2.0)",spectro_DTW,0.011435991255534659,-0.013844376224149925,0.49045889930148984
Odin-Nougatti,after,5.0,3.0,"(5.0,3.0)",T_PC_pairwise,4.414514526124059,0.4598388793044082,0.5848940100670846
Odin-Nougatti,after,5.0,3.0,"(5.0,3.0)",M_PC_pairwise,12.484601523676139,-0.21790798461111852,0.4278674789394519
Odin-Nougatti,after,5.0,3.0,"(5.0,3.0)",spectro_DTW,0.011313983989662792,-0.0512619649861751,0.48217418473495965
Odin-Nougatti,after,5.0,4.0,"(5.0,4.0)",T_PC_pairwise,4.718224489990301,0.8152439683738677,0.6741760387091402
Odin-Nougatti,after,5.0,4.0,"(5.0,4.0)",M_PC_pairwise,13.473071286294347,0.11629292563346344,0.5158342021521837
Odin-Nougatti,after,5.0,4.0,"(5.0,4.0)",spectro_DTW,0.012872462486497174,0.42669733581686564,0.5880002551093892
Odin-Nougatti,after,5.0,5.0,"(5.0,5.0)",T_PC_pairwise,4.125221605132952,0.12130478894018926,0.4998501790084265
Odin-Nougatti,after,5.0,5.0,"(5.0,5.0)",M_PC_pairwise,11.66405080810643,-0.495335586765459,0.35484434721780994
Odin-Nougatti,after,5.0,5.0,"(5.0,5.0)",spectro_DTW,0.011825218309746314,0.10552505432141611,0.5168887600370093
Odin-Nougatti,after,5.0,6.0,"(5.0,6.0)",T_PC_pairwise,4.218180395202475,0.2300862943075866,0.5271774001896622
Odin-Nougatti,after,5.0,6.0,"(5.0,6.0)",M_PC_pairwise,11.584131655194481,-0.522356194435241,0.34773211549412014
Odin-Nougatti,after,5.0,6.0,"(5.0,6.0)",spectro_DTW,0.011196981837137262,-0.08714456915886261,0.4742293346441327
Odin-Nougatti,after,6.0,2.0,"(6.0,2.0)",T_PC_pairwise,4.920616206495611,1.052085213606012,0.7336734052094376
Odin-Nougatti,after,6.0,2.0,"(6.0,2.0)",M_PC_pairwise,11.091728301179678,-0.688837411506919,0.3039117466879869
Odin-Nougatti,after,6.0,2.0,"(6.0,2.0)",spectro_DTW,0.012489420631930433,0.3092248026000822,0.5619903907833371
Odin-Nougatti,after,6.0,3.0,"(6.0,3.0)",T_PC_pairwise,5.1780227404603645,1.3533054665282858,0.8093435519689784
Odin-Nougatti,after,6.0,3.0,"(6.0,3.0)",M_PC_pairwise,12.084143182004468,-0.35330265965632845,0.3922295571412636
Odin-Nougatti,after,6.0,3.0,"(6.0,3.0)",spectro_DTW,0.012503487921785317,0.3135390052258428,0.5629456083299277
Odin-Nougatti,after,6.0,4.0,"(6.0,4.0)",T_PC_pairwise,5.459689613374561,1.682915462794572,0.8921455433653455
Odin-Nougatti,after,6.0,4.0,"(6.0,4.0)",M_PC_pairwise,13.152104331850516,0.007774230990306157,0.48727044399815767
Odin-Nougatti,after,6.0,4.0,"(6.0,4.0)",spectro_DTW,0.013990557389459472,0.7695983505801736,0.6639227590942187
Odin-Nougatti,after,6.0,5.0,"(6.0,5.0)",T_PC_pairwise,4.733865859854494,0.8335476893943613,0.6787741533525931
Odin-Nougatti,after,6.0,5.0,"(6.0,5.0)",M_PC_pairwise,11.212747544212577,-0.647920893158824,0.31468159181414596
Odin-Nougatti,after,6.0,5.0,"(6.0,5.0)",spectro_DTW,0.012811603439822327,0.40803288362497875,0.5838677157324167
Odin-Nougatti,after,6.0,6.0,"(6.0,6.0)",T_PC_pairwise,4.91131282571057,1.0411982843974241,0.7309384777834681
Odin-Nougatti,after,6.0,6.0,"(6.0,6.0)",M_PC_pairwise,11.081170580326221,-0.6924069692746627,0.30297218521307295
Odin-Nougatti,after,6.0,6.0,"(6.0,6.0)",spectro_DTW,0.012272069203177962,0.24256675301769365,0.5472314783941942
Wuschel-Olympia,before,2.0,1.0,"(2.0,1.0)",T_PC_pairwise,3.4752906640780385,-0.639252293396265,0.30878910167024975
Wuschel-Olympia,before,2.0,1.0,"(2.0,1.0)",M_PC_pairwise,9.705595383494705,-1.1574879462316954,0.1805558532481321
Wuschel-Olympia,before,2.0,1.0,"(2.0,1.0)",spectro_DTW,0.009300090047633098,-0.6688895693318019,0.3454238333706185
Wuschel-Olympia,before,2.0,2.0,"(2.0,2.0)",T_PC_pairwise,2.966488225923842,-1.2346590872628982,0.1592157611115669
Wuschel-Olympia,before,2.0,2.0,"(2.0,2.0)",M_PC_pairwise,9.639616401187709,-1.1797953923245366,0.17468419678078195
Wuschel-Olympia,before,2.0,2.0,"(2.0,2.0)",spectro_DTW,0.005817075169319795,-1.737072004512443,0.10891509848831801
Wuschel-Olympia,before,2.0,3.0,"(2.0,3.0)",T_PC_pairwise,2.7204799537418562,-1.5225409557852256,0.08689637677682072
Wuschel-Olympia,before,2.0,3.0,"(2.0,3.0)",M_PC_pairwise,7.676714519444536,-1.8434510957238817,0.0
Wuschel-Olympia,before,2.0,3.0,"(2.0,3.0)",spectro_DTW,0.005213720884110791,-1.9221106770900727,0.06794525952234155
Wuschel-Olympia,before,2.0,4.0,"(2.0,4.0)",T_PC_pairwise,2.967170180456534,-1.2338610557846175,0.15941623620742915
Wuschel-Olympia,before,2.0,4.0,"(2.0,4.0)",M_PC_pairwise,10.341259535525499,-0.9425703571940273,0.2371254061395
Wuschel-Olympia,before,2.0,4.0,"(2.0,4.0)",spectro_DTW,0.007246786823865701,-1.29860334155383,0.20599745572099268
Wuschel-Olympia,before,2.0,5.0,"(2.0,5.0)",T_PC_pairwise,2.9021308485823996,-1.309970872016808,0.14029653589425786
Wuschel-Olympia,before,2.0,5.0,"(2.0,5.0)",M_PC_pairwise,8.999530315574493,-1.3962080339011638,0.1177211234983808
Wuschel-Olympia,before,2.0,5.0,"(2.0,5.0)",spectro_DTW,0.006970506482133048,-1.3833339035913483,0.1872370666962744
Wuschel-Olympia,before,2.0,6.0,"(2.0,6.0)",T_PC_pairwise,2.79511677506749,-1.4352000408102377,0.10883746403822515
Wuschel-Olympia,before,2.0,6.0,"(2.0,6.0)",M_PC_pairwise,9.388261720428446,-1.2647782276937027,0.15231543198214154
Wuschel-Olympia,before,2.0,6.0,"(2.0,6.0)",spectro_DTW,0.006088115709598146,-1.65394840198353,0.12731968690457277
Wuschel-Olympia,before,3.0,1.0,"(3.0,1.0)",T_PC_pairwise,3.508278327344872,-0.6006497291198238,0.3184865296345197
Wuschel-Olympia,before,3.0,1.0,"(3.0,1.0)",M_PC_pairwise,10.720705857086367,-0.8142798309176249,0.2708934087685561
Wuschel-Olympia,before,3.0,1.0,"(3.0,1.0)",spectro_DTW,0.010740470105135696,-0.2271490855375325,0.4432306119952924
Wuschel-Olympia,before,3.0,2.0,"(3.0,2.0)",T_PC_pairwise,3.134479289263761,-1.0380739042509508,0.20860032109699309
Wuschel-Olympia,before,3.0,2.0,"(3.0,2.0)",M_PC_pairwise,10.927261788595166,-0.7444434201974711,0.28927540601534546
Wuschel-Olympia,before,3.0,2.0,"(3.0,2.0)",spectro_DTW,0.008345846152540679,-0.9615402191934223,0.2806273784939288
Wuschel-Olympia,before,3.0,3.0,"(3.0,3.0)",T_PC_pairwise,3.3917059131850666,-0.737064184246999,0.28421757945785364
Wuschel-Olympia,before,3.0,3.0,"(3.0,3.0)",M_PC_pairwise,9.146717386146097,-1.3464441920300967,0.13081971769631587
Wuschel-Olympia,before,3.0,3.0,"(3.0,3.0)",spectro_DTW,0.007666058442781017,-1.1700197452896726,0.23446744612474757
Wuschel-Olympia,before,3.0,4.0,"(3.0,4.0)",T_PC_pairwise,2.6248824291716235,-1.6344103403196981,0.058793443247290154
Wuschel-Olympia,before,3.0,4.0,"(3.0,4.0)",M_PC_pairwise,11.521507013124015,-0.5435295405255194,0.3421589712628617
Wuschel-Olympia,before,3.0,4.0,"(3.0,4.0)",spectro_DTW,0.008999898369578842,-0.760953338476607,0.32503978205896045
Wuschel-Olympia,before,3.0,5.0,"(3.0,5.0)",T_PC_pairwise,2.668909080316078,-1.5828898183314366,0.07173601740078137
Wuschel-Olympia,before,3.0,5.0,"(3.0,5.0)",M_PC_pairwise,10.61031522672222,-0.8516028230266114,0.26106943398069743
Wuschel-Olympia,before,3.0,5.0,"(3.0,5.0)",spectro_DTW,0.008692463498124246,-0.855238473947762,0.30416389290925905
Wuschel-Olympia,before,3.0,6.0,"(3.0,6.0)",T_PC_pairwise,2.7619623156944306,-1.47399779191636,0.099091002797128
Wuschel-Olympia,before,3.0,6.0,"(3.0,6.0)",M_PC_pairwise,10.083920546231914,-1.0295764829408953,0.21422408077869945
Wuschel-Olympia,before,3.0,6.0,"(3.0,6.0)",spectro_DTW,0.00825151996712723,-0.9904684833428512,0.27422230485576754
Wuschel-Olympia,before,4.0,1.0,"(4.0,1.0)",T_PC_pairwise,4.006650318084503,-0.017448771522824987,0.4649936174665491
Wuschel-Olympia,before,4.0,1.0,"(4.0,1.0)",M_PC_pairwise,11.221929673177627,-0.6448164220114471,0.3154987354716643
Wuschel-Olympia,before,4.0,1.0,"(4.0,1.0)",spectro_DTW,0.01169573046567262,0.06581329728295315,0.5080960883848755
Wuschel-Olympia,before,4.0,2.0,"(4.0,2.0)",T_PC_pairwise,3.590289769976073,-0.5046789427089647,0.34259554429035743
Wuschel-Olympia,before,4.0,2.0,"(4.0,2.0)",M_PC_pairwise,11.72239361423979,-0.4756099263018082,0.36003643874420466
Wuschel-Olympia,before,4.0,2.0,"(4.0,2.0)",spectro_DTW,0.00902703215783576,-0.7526318592327442,0.32688225995739406
Wuschel-Olympia,before,4.0,3.0,"(4.0,3.0)",T_PC_pairwise,3.5707015986845874,-0.5276012587039195,0.3368371830959182
Wuschel-Olympia,before,4.0,3.0,"(4.0,3.0)",M_PC_pairwise,10.06008772525022,-1.0376343424394814,0.21210313055244046
Wuschel-Olympia,before,4.0,3.0,"(4.0,3.0)",spectro_DTW,0.008254878113342927,-0.9894385960389779,0.2744503345773658
Wuschel-Olympia,before,4.0,4.0,"(4.0,4.0)",T_PC_pairwise,3.131320925184365,-1.0417698602632666,0.20767185253900103
Wuschel-Olympia,before,4.0,4.0,"(4.0,4.0)",M_PC_pairwise,12.329003975418605,-0.27051540289142667,0.41402041251640254
Wuschel-Olympia,before,4.0,4.0,"(4.0,4.0)",spectro_DTW,0.009777379138078223,-0.522512984468139,0.37783341038883833
Wuschel-Olympia,before,4.0,5.0,"(4.0,5.0)",T_PC_pairwise,3.3814079491451063,-0.7491149868623128,0.2811902730479279
Wuschel-Olympia,before,4.0,5.0,"(4.0,5.0)",M_PC_pairwise,11.300671062727327,-0.6181940152807345,0.32250615469869
Wuschel-Olympia,before,4.0,5.0,"(4.0,5.0)",spectro_DTW,0.009894713964129722,-0.4865283548865733,0.38580085016058957
Wuschel-Olympia,before,4.0,6.0,"(4.0,6.0)",T_PC_pairwise,3.1971144481849487,-0.9647774804132779,0.227013263437153
Wuschel-Olympia,before,4.0,6.0,"(4.0,6.0)",M_PC_pairwise,10.810657112886721,-0.7838673765330866,0.2788984257360641
Wuschel-Olympia,before,4.0,6.0,"(4.0,6.0)",spectro_DTW,0.008945662409735032,-0.7775866006601942,0.3213569731431402
Wuschel-Olympia,before,5.0,1.0,"(5.0,1.0)",T_PC_pairwise,4.153874051849303,0.1548342301466925,0.5082731775028743
Wuschel-Olympia,before,5.0,1.0,"(5.0,1.0)",M_PC_pairwise,11.241483142214038,-0.638205408303654,0.31723885405052576
Wuschel-Olympia,before,5.0,1.0,"(5.0,1.0)",spectro_DTW,0.010832492977229831,-0.19892720907703573,0.4494792827071899
Wuschel-Olympia,before,5.0,2.0,"(5.0,2.0)",T_PC_pairwise,3.650539284834416,-0.43417422853352994,0.36030717562037723
Wuschel-Olympia,before,5.0,2.0,"(5.0,2.0)",M_PC_pairwise,11.288200568412686,-0.6224102803692223,0.3213963700970889
Wuschel-Olympia,before,5.0,2.0,"(5.0,2.0)",spectro_DTW,0.007694442687074193,-1.161314772084238,0.23639483430507605
Wuschel-Olympia,before,5.0,3.0,"(5.0,3.0)",T_PC_pairwise,3.3778355205843655,-0.7532954861605958,0.2801400813946101
Wuschel-Olympia,before,5.0,3.0,"(5.0,3.0)",M_PC_pairwise,10.432653366413762,-0.9116701692179239,0.24525880194900268
Wuschel-Olympia,before,5.0,3.0,"(5.0,3.0)",spectro_DTW,0.006750015800189548,-1.4509547096463327,0.1722649881776072
Wuschel-Olympia,before,5.0,4.0,"(5.0,4.0)",T_PC_pairwise,3.7627735748986635,-0.3028362989208586,0.39330084159226514
Wuschel-Olympia,before,5.0,4.0,"(5.0,4.0)",M_PC_pairwise,11.397371103389625,-0.585499801626259,0.33111176514151125
Wuschel-Olympia,before,5.0,4.0,"(5.0,4.0)",spectro_DTW,0.009100158445456695,-0.7302052493227464,0.331847787345621
Wuschel-Olympia,before,5.0,5.0,"(5.0,5.0)",T_PC_pairwise,3.720996164433424,-0.3517247321433819,0.38101947976183426
Wuschel-Olympia,before,5.0,5.0,"(5.0,5.0)",M_PC_pairwise,10.266194802352961,-0.9679496890686616,0.23044518297461944
Wuschel-Olympia,before,5.0,5.0,"(5.0,5.0)",spectro_DTW,0.008804430387067968,-0.8209001009375887,0.3117668312193046
Wuschel-Olympia,before,5.0,6.0,"(5.0,6.0)",T_PC_pairwise,3.592088761315473,-0.5025737411901362,0.3431243962063316
Wuschel-Olympia,before,5.0,6.0,"(5.0,6.0)",M_PC_pairwise,11.96256464519227,-0.39440827482579793,0.3814099388779396
Wuschel-Olympia,before,5.0,6.0,"(5.0,6.0)",spectro_DTW,0.007782653911281697,-1.1342618643085849,0.24238468096626484
Wuschel-Olympia,after,2.0,1.0,"(2.0,1.0)",T_PC_pairwise,5.111502384005082,1.275462537340312,0.7897884728575932
Wuschel-Olympia,after,2.0,1.0,"(2.0,1.0)",M_PC_pairwise,12.641316119315753,-0.16492289342062535,0.44181395457216155
Wuschel-Olympia,after,2.0,1.0,"(2.0,1.0)",spectro_DTW,0.013888579141679933,0.7383233268279482,0.656998084003674
Wuschel-Olympia,after,2.0,3.0,"(2.0,3.0)",T_PC_pairwise,5.212455202139134,1.3935987514572366,0.8194657092755274
Wuschel-Olympia,after,2.0,3.0,"(2.0,3.0)",M_PC_pairwise,12.713558308026503,-0.14049786178258772,0.44824299151282415
Wuschel-Olympia,after,2.0,3.0,"(2.0,3.0)",spectro_DTW,0.013982488781667949,0.7671238434590781,0.6633748727693807
Wuschel-Olympia,after,3.0,1.0,"(3.0,1.0)",T_PC_pairwise,2.5588333471841422,-1.7117017784005875,0.03937690532828762
Wuschel-Olympia,after,3.0,1.0,"(3.0,1.0)",M_PC_pairwise,7.89373457364566,-1.770076772706418,0.019313229156303447
Wuschel-Olympia,after,3.0,1.0,"(3.0,1.0)",spectro_DTW,0.004213105198838337,-2.22898277977023,0.0
Wuschel-Olympia,after,3.0,3.0,"(3.0,3.0)",T_PC_pairwise,2.5860392549068245,-1.6798650946964804,0.04737466279929178
Wuschel-Olympia,after,3.0,3.0,"(3.0,3.0)",M_PC_pairwise,8.188297478449279,-1.6704852681075255,0.04552721616483316
Wuschel-Olympia,after,3.0,3.0,"(3.0,3.0)",spectro_DTW,0.004374872106896791,-2.1793715734393513,0.010984531535866966
Wuschel-Olympia,after,4.0,1.0,"(4.0,1.0)",T_PC_pairwise,2.843995732003542,-1.3780012916406827,0.12320647708476569
Wuschel-Olympia,after,4.0,1.0,"(4.0,1.0)",M_PC_pairwise,10.675355434547566,-0.8296127759055413,0.2668575462486097
Wuschel-Olympia,after,4.0,1.0,"(4.0,1.0)",spectro_DTW,0.005241552295896552,-1.9135752483725745,0.06983510846683594
Wuschel-Olympia,after,4.0,3.0,"(4.0,3.0)",T_PC_pairwise,2.7971463950309317,-1.4328249548739664,0.10943411416257966
Wuschel-Olympia,after,4.0,3.0,"(4.0,3.0)",M_PC_pairwise,10.814972063899704,-0.7824084947233082,0.27928242544530174
Wuschel-Olympia,after,4.0,3.0,"(4.0,3.0)",spectro_DTW,0.0052862061856525765,-1.8998806468947373,0.07286726174287517
Wuschel-Olympia,after,5.0,1.0,"(5.0,1.0)",T_PC_pairwise,2.694937965412529,-1.5524305008025687,0.07938776393921758
Wuschel-Olympia,after,5.0,1.0,"(5.0,1.0)",M_PC_pairwise,8.889155655419351,-1.4335256264940615,0.10789856994464421
Wuschel-Olympia,after,5.0,1.0,"(5.0,1.0)",spectro_DTW,0.004605761902959157,-2.1085615329333818,0.0266627458047612
Wuschel-Olympia,after,5.0,3.0,"(5.0,3.0)",T_PC_pairwise,2.752744358687006,-1.4847847571826855,0.09638118751454292
Wuschel-Olympia,after,5.0,3.0,"(5.0,3.0)",M_PC_pairwise,9.0515709780378,-1.3786131236442216,0.12235236941387687
Wuschel-Olympia,after,5.0,3.0,"(5.0,3.0)",spectro_DTW,0.004780104903728232,-2.055093449211501,0.038501237452963945
Wuschel-Olympia,after,6.0,1.0,"(6.0,1.0)",T_PC_pairwise,2.8219988771324904,-1.4037422784202178,0.11674003192231035
Wuschel-Olympia,after,6.0,1.0,"(6.0,1.0)",M_PC_pairwise,11.517936839356022,-0.5447366136886219,0.341841251389632
Wuschel-Olympia,after,6.0,1.0,"(6.0,1.0)",spectro_DTW,0.005593916133954932,-1.8055111499530268,0.09376182956020561
Wuschel-Olympia,after,6.0,3.0,"(6.0,3.0)",T_PC_pairwise,2.7559289157878624,-1.4810581497784747,0.09731735607046202
Wuschel-Olympia,after,6.0,3.0,"(6.0,3.0)",M_PC_pairwise,11.700550257210724,-0.4829951494800826,0.35809253654862994
Wuschel-Olympia,after,6.0,3.0,"(6.0,3.0)",spectro_DTW,0.005547805429948389,-1.8196525320069143,0.09063075356709903
