group_id,focal ID,conspecific_ID,stage,paired_status,session_number,pair_id,sex,n_seq,n_unique_sequences,embedding_1,embedding_2,embedding_method
0,Lola,Odin,after,non-partner,2.0,Tabor-Lola,female,6,4,-3.8109922,-1.6235727,PaCMAP
1,Lola,Odin,after,non-partner,3.0,Tabor-Lola,female,30,10,-2.9124641,1.8488791,PaCMAP
2,Lola,Odin,after,non-partner,4.0,Tabor-Lola,female,17,8,-2.808765,2.06561,PaCMAP
3,Lola,Odin,after,non-partner,5.0,Tabor-Lola,female,7,3,-3.3613033,0.45239636,PaCMAP
4,Lola,Odin,after,non-partner,6.0,Tabor-Lola,female,20,10,-2.6217458,1.8782637,PaCMAP
5,Lola,Tabor,after,partner,3.0,Tabor-Lola,female,20,3,-4.423473,-2.0340538,PaCMAP
6,Lola,Tabor,after,partner,5.0,Tabor-Lola,female,9,2,-2.7891188,2.3254948,PaCMAP
7,Lola,Tabor,before,partner,4.0,Tabor-Lola,female,12,3,3.7019012,-0.23455587,PaCMAP
8,Lola,Tabor,before,partner,6.0,Tabor-Lola,female,13,5,-0.11195563,-1.4312154,PaCMAP
9,Lola,Wuschel,after,non-partner,2.0,Tabor-Lola,female,26,11,-2.757624,1.1216178,PaCMAP
10,Lola,Wuschel,after,non-partner,3.0,Tabor-Lola,female,29,11,-2.6757247,1.7338535,PaCMAP
11,Lola,Wuschel,after,non-partner,4.0,Tabor-Lola,female,12,4,-4.297274,-1.946951,PaCMAP
12,Lola,Wuschel,after,non-partner,5.0,Tabor-Lola,female,28,8,-2.9399421,1.9067485,PaCMAP
13,Lola,Wuschel,after,non-partner,6.0,Tabor-Lola,female,27,9,-3.3441136,0.2635221,PaCMAP
14,Lola,Wuschel,before,non-partner,3.0,Tabor-Lola,female,5,4,0.7909252,1.4509317,PaCMAP
15,Lola,Wuschel,before,non-partner,4.0,Tabor-Lola,female,12,3,-0.5127143,1.8153162,PaCMAP
16,Nougatti,Odin,after,partner,3.0,Odin-Nougatti,female,6,1,-4.3308086,-2.0205414,PaCMAP
17,Nougatti,Odin,after,partner,6.0,Odin-Nougatti,female,20,8,-0.12222707,-1.0175277,PaCMAP
18,Nougatti,Odin,before,partner,1.0,Odin-Nougatti,female,9,7,2.9262662,0.24994111,PaCMAP
19,Nougatti,Odin,before,partner,2.0,Odin-Nougatti,female,7,5,3.0446477,0.13288124,PaCMAP
20,Nougatti,Odin,before,partner,3.0,Odin-Nougatti,female,12,8,-0.13096716,1.6169422,PaCMAP
21,Nougatti,Odin,before,partner,4.0,Odin-Nougatti,female,16,7,1.6632589,0.7948692,PaCMAP
22,Nougatti,Odin,before,partner,5.0,Odin-Nougatti,female,21,12,2.5324376,1.4441737,PaCMAP
23,Nougatti,Odin,before,partner,6.0,Odin-Nougatti,female,9,7,-2.4600043,1.8751922,PaCMAP
24,Nougatti,Tabor,after,non-partner,2.0,Odin-Nougatti,female,11,4,-0.19270553,-1.4421489,PaCMAP
25,Nougatti,Tabor,after,non-partner,3.0,Odin-Nougatti,female,19,7,-0.2862378,-1.4033986,PaCMAP
26,Nougatti,Tabor,after,non-partner,6.0,Odin-Nougatti,female,22,10,-0.9217668,-0.8556794,PaCMAP
27,Nougatti,Tabor,before,non-partner,3.0,Odin-Nougatti,female,5,5,2.5810323,1.0076209,PaCMAP
28,Nougatti,Tabor,before,non-partner,4.0,Odin-Nougatti,female,14,8,3.0937202,0.10181336,PaCMAP
29,Nougatti,Tabor,before,non-partner,5.0,Odin-Nougatti,female,8,6,-2.0809093,1.7757468,PaCMAP
30,Nougatti,Tabor,before,non-partner,6.0,Odin-Nougatti,female,14,6,-1.2734708,1.3107157,PaCMAP
31,Nougatti,Wuschel,after,non-partner,3.0,Odin-Nougatti,female,14,2,-0.086245954,-1.4951004,PaCMAP
32,Nougatti,Wuschel,after,non-partner,4.0,Odin-Nougatti,female,17,5,-2.7504106,2.2887769,PaCMAP
33,Nougatti,Wuschel,after,non-partner,5.0,Odin-Nougatti,female,27,11,0.24923508,-1.2370521,PaCMAP
34,Nougatti,Wuschel,after,non-partner,6.0,Odin-Nougatti,female,16,6,-0.6079242,-1.2278168,PaCMAP
35,Nougatti,Wuschel,before,non-partner,1.0,Odin-Nougatti,female,14,7,-0.5575606,-1.0528408,PaCMAP
36,Nougatti,Wuschel,before,non-partner,2.0,Odin-Nougatti,female,19,8,-2.0132294,-0.11341189,PaCMAP
37,Nougatti,Wuschel,before,non-partner,3.0,Odin-Nougatti,female,42,7,-1.8639196,0.8352604,PaCMAP
38,Nougatti,Wuschel,before,non-partner,4.0,Odin-Nougatti,female,23,14,0.82216984,1.4730958,PaCMAP
39,Nougatti,Wuschel,before,non-partner,5.0,Odin-Nougatti,female,5,5,-1.8265184,1.127124,PaCMAP
40,Odin,Lola,after,non-partner,2.0,Odin-Nougatti,male,17,6,0.0029354258,-1.0896382,PaCMAP
41,Odin,Lola,after,non-partner,3.0,Odin-Nougatti,male,7,6,-0.69119596,-1.2441821,PaCMAP
42,Odin,Lola,after,non-partner,4.0,Odin-Nougatti,male,17,10,3.1288755,-0.13133407,PaCMAP
43,Odin,Lola,after,non-partner,5.0,Odin-Nougatti,male,11,4,4.043287,-0.44138473,PaCMAP
44,Odin,Lola,after,non-partner,6.0,Odin-Nougatti,male,18,12,2.9318142,-0.07400825,PaCMAP
45,Odin,Lola,before,non-partner,1.0,Odin-Nougatti,male,13,7,2.8968306,0.89111435,PaCMAP
46,Odin,Lola,before,non-partner,3.0,Odin-Nougatti,male,8,4,4.073443,-0.36779794,PaCMAP
47,Odin,Lola,before,non-partner,5.0,Odin-Nougatti,male,7,3,3.2677987,-0.15448399,PaCMAP
48,Odin,Lola,before,non-partner,6.0,Odin-Nougatti,male,7,4,3.6252317,-0.29734695,PaCMAP
49,Odin,Nougatti,before,partner,1.0,Odin-Nougatti,male,11,9,3.255997,-0.09204458,PaCMAP
50,Odin,Nougatti,before,partner,2.0,Odin-Nougatti,male,16,5,2.9396012,-0.4404691,PaCMAP
51,Odin,Nougatti,before,partner,3.0,Odin-Nougatti,male,20,11,2.916951,-0.58756924,PaCMAP
52,Odin,Nougatti,before,partner,4.0,Odin-Nougatti,male,32,5,3.408052,-0.19262652,PaCMAP
53,Odin,Nougatti,before,partner,5.0,Odin-Nougatti,male,10,5,3.5551314,-0.22775774,PaCMAP
54,Odin,Nougatti,before,partner,6.0,Odin-Nougatti,male,8,5,2.6781123,-0.3910678,PaCMAP
55,Odin,Olympia,after,non-partner,1.0,Odin-Nougatti,male,26,13,2.843608,-0.40183437,PaCMAP
56,Odin,Olympia,after,non-partner,3.0,Odin-Nougatti,male,26,17,-1.4500843,0.0008883017,PaCMAP
57,Odin,Olympia,after,non-partner,4.0,Odin-Nougatti,male,16,7,-0.77077,-1.0280441,PaCMAP
58,Odin,Olympia,after,non-partner,5.0,Odin-Nougatti,male,20,13,2.9313257,-0.22991985,PaCMAP
59,Odin,Olympia,before,non-partner,1.0,Odin-Nougatti,male,27,14,0.6348129,-1.1742389,PaCMAP
60,Odin,Olympia,before,non-partner,2.0,Odin-Nougatti,male,21,9,-0.20025665,-1.4171736,PaCMAP
61,Odin,Olympia,before,non-partner,3.0,Odin-Nougatti,male,18,5,3.0520823,-0.13061276,PaCMAP
62,Odin,Olympia,before,non-partner,4.0,Odin-Nougatti,male,13,12,-0.5104651,-1.9113878,PaCMAP
63,Olympia,Odin,after,non-partner,1.0,Wuschel-Olympia,female,9,2,-4.346233,-1.9936111,PaCMAP
64,Olympia,Odin,after,non-partner,3.0,Wuschel-Olympia,female,7,2,-4.3400784,-1.9217505,PaCMAP
65,Olympia,Odin,before,non-partner,3.0,Wuschel-Olympia,female,10,1,-4.3493285,-1.9612467,PaCMAP
66,Olympia,Tabor,before,non-partner,4.0,Wuschel-Olympia,female,6,3,3.4822898,-0.2656343,PaCMAP
67,Olympia,Tabor,before,non-partner,6.0,Wuschel-Olympia,female,7,2,-4.4157796,-2.0042293,PaCMAP
68,Olympia,Wuschel,after,partner,2.0,Wuschel-Olympia,female,6,2,-0.16863897,-1.3240541,PaCMAP
69,Olympia,Wuschel,before,partner,3.0,Wuschel-Olympia,female,9,4,-1.8128821,-0.19951576,PaCMAP
70,Olympia,Wuschel,before,partner,4.0,Wuschel-Olympia,female,5,3,3.7165365,-0.30568108,PaCMAP
71,Olympia,Wuschel,before,partner,5.0,Wuschel-Olympia,female,22,3,3.6744137,-0.29395524,PaCMAP
72,Olympia,Wuschel,before,partner,6.0,Wuschel-Olympia,female,10,2,-4.299188,-1.9372226,PaCMAP
73,Tabor,Lola,after,partner,3.0,Tabor-Lola,male,8,6,-0.7176133,0.18567255,PaCMAP
74,Tabor,Lola,after,partner,5.0,Tabor-Lola,male,9,5,-2.488575,1.6170843,PaCMAP
75,Tabor,Lola,before,partner,3.0,Tabor-Lola,male,16,8,0.32550657,0.958612,PaCMAP
76,Tabor,Lola,before,partner,6.0,Tabor-Lola,male,7,6,-0.5056112,-0.88850516,PaCMAP
77,Tabor,Nougatti,after,non-partner,2.0,Tabor-Lola,male,20,15,-2.396877,1.6281297,PaCMAP
78,Tabor,Nougatti,after,non-partner,3.0,Tabor-Lola,male,8,8,-2.659969,2.203249,PaCMAP
79,Tabor,Nougatti,after,non-partner,4.0,Tabor-Lola,male,8,5,-2.6508973,1.6969392,PaCMAP
80,Tabor,Nougatti,after,non-partner,5.0,Tabor-Lola,male,9,7,-1.9065804,1.0037339,PaCMAP
81,Tabor,Nougatti,after,non-partner,6.0,Tabor-Lola,male,7,7,-1.4890606,0.18070588,PaCMAP
82,Tabor,Nougatti,before,non-partner,4.0,Tabor-Lola,male,5,4,-0.52095497,-1.2239667,PaCMAP
83,Tabor,Nougatti,before,non-partner,6.0,Tabor-Lola,male,18,8,0.050054647,-1.0056559,PaCMAP
84,Tabor,Olympia,after,non-partner,2.0,Tabor-Lola,male,11,10,3.0731425,-0.21073177,PaCMAP
85,Tabor,Olympia,after,non-partner,3.0,Tabor-Lola,male,14,10,1.4205009,1.6383146,PaCMAP
86,Tabor,Olympia,after,non-partner,4.0,Tabor-Lola,male,21,10,-2.6964588,1.8647836,PaCMAP
87,Tabor,Olympia,after,non-partner,5.0,Tabor-Lola,male,11,5,-3.0895176,-0.46635246,PaCMAP
88,Tabor,Olympia,after,non-partner,6.0,Tabor-Lola,male,14,10,-2.717699,2.163282,PaCMAP
89,Tabor,Olympia,before,non-partner,4.0,Tabor-Lola,male,6,3,-0.097017884,-1.4651123,PaCMAP
90,Tabor,Olympia,before,non-partner,5.0,Tabor-Lola,male,13,7,-2.6159513,2.1923974,PaCMAP
91,Wuschel,Lola,after,non-partner,3.0,Wuschel-Olympia,male,15,3,-4.359929,-1.9697012,PaCMAP
92,Wuschel,Lola,after,non-partner,5.0,Wuschel-Olympia,male,12,3,-4.316692,-1.9359097,PaCMAP
93,Wuschel,Lola,after,non-partner,6.0,Wuschel-Olympia,male,9,3,-2.9137938,-1.5300182,PaCMAP
94,Wuschel,Lola,before,non-partner,2.0,Wuschel-Olympia,male,11,6,-2.3515449,0.85346955,PaCMAP
95,Wuschel,Lola,before,non-partner,3.0,Wuschel-Olympia,male,6,3,-3.7951488,-1.6482711,PaCMAP
96,Wuschel,Lola,before,non-partner,4.0,Wuschel-Olympia,male,10,5,3.282272,-0.1801185,PaCMAP
97,Wuschel,Nougatti,after,non-partner,4.0,Wuschel-Olympia,male,10,4,-0.57666326,-1.0780108,PaCMAP
98,Wuschel,Nougatti,before,non-partner,2.0,Wuschel-Olympia,male,10,4,3.1839056,0.05422563,PaCMAP
99,Wuschel,Nougatti,before,non-partner,4.0,Wuschel-Olympia,male,5,3,-4.3257456,-1.9469491,PaCMAP
100,Wuschel,Nougatti,before,non-partner,5.0,Wuschel-Olympia,male,8,6,-2.3019497,1.8346121,PaCMAP
101,Wuschel,Olympia,after,partner,3.0,Wuschel-Olympia,male,5,3,-3.2408552,-1.2373891,PaCMAP
102,Wuschel,Olympia,after,partner,4.0,Wuschel-Olympia,male,21,8,-2.81263,1.9780248,PaCMAP
103,Wuschel,Olympia,before,partner,1.0,Wuschel-Olympia,male,19,10,-0.92134714,-0.35756704,PaCMAP
104,Wuschel,Olympia,before,partner,3.0,Wuschel-Olympia,male,11,6,-2.1984444,-0.88941807,PaCMAP
105,Wuschel,Olympia,before,partner,5.0,Wuschel-Olympia,male,18,2,-4.3520985,-1.9641259,PaCMAP
106,Wuschel,Olympia,before,partner,6.0,Wuschel-Olympia,male,18,3,-2.5246556,1.3533076,PaCMAP
