group_id,focal ID,conspecific_ID,stage,session_number,paired_status,n_seq,pair_id,sex,n_unique_sequences,mean_sequence_length,sequences_json
0,Lola,Odin,after,2.0,non-partner,6,Tabor-Lola,female,4,2.5,"[""AA"", ""AA"", ""AA"", ""AP"", ""AAP"", ""AAAP""]"
1,Lola,Odin,after,3.0,non-partner,30,Tabor-Lola,female,10,2.966666666666667,"[""AA"", ""AAAPPP"", ""AA"", ""AA"", ""AAA"", ""AAAPP"", ""AAP"", ""AAAS"", ""AAPPS"", ""AAP"", ""AA"", ""AA"", ""AA"", ""AA"", ""AA"", ""AA"", ""AA"", ""AA"", ""AAA"", ""AAA"", ""AAAAAAA"", ""AA"", ""AA"", ""AAA"", ""AAPS"", ""AAS"", ""AAA"", ""AAA"", ""AAA"", ""AA""]"
2,Lola,Odin,after,4.0,non-partner,17,Tabor-Lola,female,8,3.3529411764705883,"[""AAPP"", ""AAAPPPPPS"", ""AAA"", ""AAAPP"", ""AA"", ""AA"", ""AA"", ""AA"", ""AA"", ""AA"", ""AAAAPP"", ""AAAP"", ""AAA"", ""AAAA"", ""AA"", ""AAA"", ""AA""]"
3,Lola,Odin,after,5.0,non-partner,7,Tabor-Lola,female,3,2.857142857142857,"[""AA"", ""AA"", ""AAA"", ""AAPPS"", ""AAA"", ""AAA"", ""AA""]"
4,Lola,Odin,after,6.0,non-partner,20,Tabor-Lola,female,10,3.1,"[""AAPPPP"", ""AA"", ""AAS"", ""AA"", ""AA"", ""AA"", ""AAPS"", ""AAPPP"", ""AAA"", ""AA"", ""AAPP"", ""AA"", ""AA"", ""AA"", ""APPS"", ""AAP"", ""AAAP"", ""AAA"", ""AAP"", ""AAPP""]"
5,Lola,Tabor,after,3.0,partner,20,Tabor-Lola,female,3,2.15,"[""AAA"", ""AA"", ""AA"", ""AAA"", ""AA"", ""AAP"", ""AA"", ""AA"", ""AA"", ""AA"", ""AA"", ""AA"", ""AA"", ""AA"", ""AA"", ""AA"", ""AA"", ""AA"", ""AA"", ""AA""]"
6,Lola,Tabor,after,5.0,partner,9,Tabor-Lola,female,2,2.2222222222222223,"[""AA"", ""AA"", ""AA"", ""AA"", ""AA"", ""AA"", ""AA"", ""AA"", ""AAPP""]"
7,Lola,Tabor,before,4.0,partner,12,Tabor-Lola,female,3,2.1666666666666665,"[""RA"", ""RA"", ""RA"", ""RA"", ""RA"", ""RA"", ""AAA"", ""AAA"", ""AA"", ""AA"", ""RA"", ""RA""]"
8,Lola,Tabor,before,6.0,partner,13,Tabor-Lola,female,5,2.6153846153846154,"[""AA"", ""AA"", ""PAA"", ""APAA"", ""APAA"", ""AA"", ""AA"", ""AA"", ""AA"", ""APAP"", ""AAA"", ""AA"", ""AA""]"
9,Lola,Wuschel,after,2.0,non-partner,26,Tabor-Lola,female,11,2.923076923076923,"[""AAAPS"", ""AA"", ""AA"", ""AA"", ""AA"", ""AAA"", ""AAAA"", ""AAA"", ""AAA"", ""AAP"", ""AAA"", ""AAA"", ""AAAPP"", ""AA"", ""AAPP"", ""AAS"", ""AAA"", ""AA"", ""AA"", ""AAP"", ""PAA"", ""AAAP"", ""AA"", ""AK"", ""AA"", ""AAPP""]"
10,Lola,Wuschel,after,3.0,non-partner,29,Tabor-Lola,female,11,3.310344827586207,"[""AAAPPPAPP"", ""AAAA"", ""AAA"", ""AAA"", ""AAA"", ""AAA"", ""AA"", ""AAA"", ""AA"", ""AA"", ""APAPPPP"", ""AA"", ""AA"", ""APPS"", ""AAAP"", ""AA"", ""AAA"", ""AA"", ""APPP"", ""AA"", ""AA"", ""AAP"", ""PAAPPA"", ""AAA"", ""AA"", ""AA"", ""AA"", ""AAPPP"", ""AAPPP""]"
11,Lola,Wuschel,after,4.0,non-partner,12,Tabor-Lola,female,4,2.3333333333333335,"[""AA"", ""AA"", ""AP"", ""AP"", ""AAP"", ""AA"", ""AA"", ""AAA"", ""AAA"", ""AAA"", ""AA"", ""AA""]"
12,Lola,Wuschel,after,5.0,non-partner,28,Tabor-Lola,female,8,3.0357142857142856,"[""AAA"", ""AAA"", ""AA"", ""AA"", ""AA"", ""AAPP"", ""AA"", ""AAA"", ""AAPS"", ""AA"", ""AA"", ""AAAPP"", ""AAA"", ""AA"", ""AAA"", ""AAAP"", ""AAA"", ""AAA"", ""AAA"", ""AAPPS"", ""AAPPP"", ""AAAP"", ""AAA"", ""AA"", ""AAPPS"", ""AA"", ""AA"", ""AA""]"
13,Lola,Wuschel,after,6.0,non-partner,27,Tabor-Lola,female,9,3.0,"[""AA"", ""AAA"", ""AA"", ""AA"", ""AAAP"", ""AAAP"", ""AA"", ""AA"", ""AAA"", ""AAA"", ""AAS"", ""AAAP"", ""AAA"", ""AAAP"", ""AAAPS"", ""AAPP"", ""AAAPP"", ""AA"", ""AA"", ""AA"", ""AA"", ""AAAP"", ""AAPS"", ""AAK"", ""AAA"", ""AA"", ""AA""]"
14,Lola,Wuschel,before,3.0,non-partner,5,Tabor-Lola,female,4,2.6,"[""AA"", ""APP"", ""RPP"", ""APP"", ""RP""]"
15,Lola,Wuschel,before,4.0,non-partner,12,Tabor-Lola,female,3,2.3333333333333335,"[""RPP"", ""RPP"", ""AAP"", ""AAP"", ""AA"", ""AA"", ""AA"", ""AA"", ""AA"", ""AA"", ""AA"", ""AA""]"
16,Nougatti,Odin,after,3.0,partner,6,Odin-Nougatti,female,1,2.0,"[""AA"", ""AA"", ""AA"", ""AA"", ""AA"", ""AA""]"
17,Nougatti,Odin,after,6.0,partner,20,Odin-Nougatti,female,8,2.95,"[""APA"", ""APA"", ""AAPP"", ""APA"", ""AA"", ""APAK"", ""AA"", ""AA"", ""APA"", ""APA"", ""AA"", ""AAP"", ""AA"", ""APA"", ""AAA"", ""AA"", ""AAPP"", ""SSAAAP"", ""AAP"", ""AP""]"
18,Nougatti,Odin,before,1.0,partner,9,Odin-Nougatti,female,7,3.6666666666666665,"[""AAPP"", ""RAPP"", ""RAP"", ""AAA"", ""AP"", ""RAAP"", ""RAPP"", ""AAPP"", ""AAAPP""]"
19,Nougatti,Odin,before,2.0,partner,7,Odin-Nougatti,female,5,3.142857142857143,"[""AAPP"", ""AP"", ""AP"", ""AAAP"", ""AAA"", ""RAAA"", ""AAA""]"
20,Nougatti,Odin,before,3.0,partner,12,Odin-Nougatti,female,8,3.6666666666666665,"[""AAP"", ""AAPPP"", ""AAP"", ""APP"", ""SAAAP"", ""SAAAP"", ""AAPP"", ""AAAP"", ""AAAP"", ""AAP"", ""AA"", ""AAA""]"
21,Nougatti,Odin,before,4.0,partner,16,Odin-Nougatti,female,7,2.625,"[""RP"", ""RP"", ""APP"", ""APP"", ""AP"", ""AP"", ""AAAP"", ""AAAP"", ""APP"", ""APP"", ""PP"", ""PP"", ""AAP"", ""AAP"", ""RA"", ""RA""]"
22,Nougatti,Odin,before,5.0,partner,21,Odin-Nougatti,female,12,3.4285714285714284,"[""AAP"", ""AAA"", ""SAAP"", ""RAP"", ""AAP"", ""AAPP"", ""AAA"", ""AAAP"", ""AAP"", ""AAAP"", ""AAA"", ""AP"", ""AAP"", ""AP"", ""RAPP"", ""SAA"", ""TKKAP"", ""RAP"", ""TKKSAAP"", ""AAP"", ""APP""]"
23,Nougatti,Odin,before,6.0,partner,9,Odin-Nougatti,female,7,4.0,"[""AAPP"", ""AAA"", ""AAPP"", ""AA"", ""APP"", ""PAAAPP"", ""AAAPP"", ""APPP"", ""AAAPP""]"
24,Nougatti,Tabor,after,2.0,non-partner,11,Odin-Nougatti,female,4,2.1818181818181817,"[""AA"", ""AAA"", ""AP"", ""APA"", ""AA"", ""AA"", ""AP"", ""AA"", ""AA"", ""AA"", ""AA""]"
25,Nougatti,Tabor,after,3.0,non-partner,19,Odin-Nougatti,female,7,2.6315789473684212,"[""APA"", ""APA"", ""AAA"", ""APAA"", ""AA"", ""AA"", ""AA"", ""APA"", ""AA"", ""AA"", ""AA"", ""AAK"", ""AA"", ""AA"", ""AAPP"", ""APAA"", ""AA"", ""AA"", ""AAP""]"
26,Nougatti,Tabor,after,6.0,non-partner,22,Odin-Nougatti,female,10,2.9545454545454546,"[""AAAP"", ""AAA"", ""AAAPPP"", ""AAA"", ""AAK"", ""AAS"", ""APA"", ""AA"", ""AAK"", ""AA"", ""AA"", ""AA"", ""AA"", ""APA"", ""AAAPP"", ""PAK"", ""APA"", ""APAA"", ""AA"", ""AA"", ""AA"", ""AAK""]"
27,Nougatti,Tabor,before,3.0,non-partner,5,Odin-Nougatti,female,5,3.4,"[""AAPP"", ""AAA"", ""AP"", ""RA"", ""TKKKAP""]"
28,Nougatti,Tabor,before,4.0,non-partner,14,Odin-Nougatti,female,8,2.857142857142857,"[""RAP"", ""AA"", ""AAP"", ""AAPP"", ""AAAP"", ""APP"", ""AAP"", ""AAAP"", ""AA"", ""APP"", ""AAA"", ""AA"", ""AP"", ""AA""]"
29,Nougatti,Tabor,before,5.0,non-partner,8,Odin-Nougatti,female,6,4.0,"[""AP"", ""AAPP"", ""AAAP"", ""AP"", ""PAAPPP"", ""AAAPP"", ""AAPPP"", ""AAPP""]"
30,Nougatti,Tabor,before,6.0,non-partner,14,Odin-Nougatti,female,6,3.4285714285714284,"[""AAAPP"", ""AAAPP"", ""AAPP"", ""AAPP"", ""AAP"", ""AAP"", ""APP"", ""APP"", ""APP"", ""APP"", ""APAP"", ""APAP"", ""AP"", ""AP""]"
31,Nougatti,Wuschel,after,3.0,non-partner,14,Odin-Nougatti,female,2,2.2857142857142856,"[""AA"", ""APA"", ""AA"", ""AA"", ""AA"", ""APA"", ""AA"", ""AA"", ""APA"", ""AA"", ""AA"", ""APA"", ""AA"", ""AA""]"
32,Nougatti,Wuschel,after,4.0,non-partner,17,Odin-Nougatti,female,5,2.411764705882353,"[""AA"", ""AA"", ""AAA"", ""AA"", ""AAA"", ""AAAP"", ""AA"", ""AA"", ""AA"", ""AA"", ""AAPP"", ""AAA"", ""AA"", ""AA"", ""AA"", ""AA"", ""AP""]"
33,Nougatti,Wuschel,after,5.0,non-partner,27,Odin-Nougatti,female,11,3.185185185185185,"[""AAA"", ""AA"", ""AA"", ""AA"", ""AAP"", ""AA"", ""AA"", ""APA"", ""AA"", ""PAAAP"", ""AA"", ""AA"", ""TKKKTAAAP"", ""AA"", ""AAK"", ""APA"", ""AAP"", ""AA"", ""AAAP"", ""APA"", ""AA"", ""APA"", ""PPAAAAP"", ""AA"", ""AAAPP"", ""PAAAP"", ""PAA""]"
34,Nougatti,Wuschel,after,6.0,non-partner,16,Odin-Nougatti,female,6,2.5625,"[""AA"", ""APAAP"", ""AA"", ""AA"", ""AA"", ""AAAPP"", ""AAP"", ""AA"", ""AA"", ""AA"", ""AA"", ""APA"", ""AA"", ""AA"", ""AP"", ""APA""]"
35,Nougatti,Wuschel,before,1.0,non-partner,14,Odin-Nougatti,female,7,3.142857142857143,"[""APA"", ""AA"", ""AAP"", ""AAA"", ""AAAP"", ""AAAP"", ""AP"", ""AAAP"", ""AAPPP"", ""APA"", ""AA"", ""APA"", ""APA"", ""APA""]"
36,Nougatti,Wuschel,before,2.0,non-partner,19,Odin-Nougatti,female,8,3.0,"[""AAA"", ""AA"", ""AA"", ""AAAP"", ""AA"", ""APA"", ""AA"", ""AA"", ""AA"", ""PAA"", ""AAP"", ""AA"", ""AAPPS"", ""AAAP"", ""AAP"", ""AAP"", ""AAP"", ""AAAPP"", ""AAAP""]"
37,Nougatti,Wuschel,before,3.0,non-partner,42,Odin-Nougatti,female,7,3.0476190476190474,"[""AA"", ""AA"", ""AA"", ""AA"", ""AA"", ""AA"", ""AAA"", ""AAA"", ""AAPP"", ""AAPP"", ""AAP"", ""AAP"", ""AAAP"", ""AAAP"", ""AA"", ""AA"", ""AAP"", ""AAP"", ""APAA"", ""APAA"", ""AAAP"", ""AAAP"", ""AAPP"", ""AAPP"", ""AAPP"", ""AAPP"", ""AAA"", ""AAA"", ""AAAP"", ""AAAP"", ""AAAP"", ""AAAP"", ""AAP"", ""AAP"", ""AA"", ""AA"", ""APA"", ""APA"", ""AA"", ""AA"", ""AA"", ""AA""]"
38,Nougatti,Wuschel,before,4.0,non-partner,23,Odin-Nougatti,female,14,3.6956521739130435,"[""SAAAP"", ""AAP"", ""AAA"", ""AAP"", ""AA"", ""AAPP"", ""AAPP"", ""SAAA"", ""AAAK"", ""SKAA"", ""PA"", ""AA"", ""AAAP"", ""SSKAAAP"", ""SAPP"", ""RP"", ""AAAP"", ""AAPP"", ""AAPP"", ""SKAP"", ""AAAP"", ""AAP"", ""SAAAP""]"
39,Nougatti,Wuschel,before,5.0,non-partner,5,Odin-Nougatti,female,5,3.4,"[""AAPP"", ""AA"", ""PAPP"", ""AAP"", ""AAAP""]"
40,Odin,Lola,after,2.0,non-partner,17,Odin-Nougatti,male,6,2.6470588235294117,"[""AA"", ""AA"", ""AA"", ""AA"", ""APAA"", ""AA"", ""AA"", ""KKKA"", ""AAA"", ""AA"", ""AA"", ""APAA"", ""APAAPP"", ""AA"", ""AA"", ""AA"", ""AP""]"
41,Odin,Lola,after,3.0,non-partner,7,Odin-Nougatti,male,6,4.428571428571429,"[""AAA"", ""APAAAPS"", ""AAA"", ""APA"", ""AAAAPP"", ""APAAAPA"", ""AA""]"
42,Odin,Lola,after,4.0,non-partner,17,Odin-Nougatti,male,10,3.588235294117647,"[""RA"", ""AP"", ""AA"", ""PPPAA"", ""AA"", ""AA"", ""AAA"", ""RA"", ""APPPPAAA"", ""APPPAAA"", ""AA"", ""APPAAPA"", ""AAA"", ""APAA"", ""APPAAA"", ""AA"", ""AA""]"
43,Odin,Lola,after,5.0,non-partner,11,Odin-Nougatti,male,4,2.3636363636363638,"[""AAA"", ""AA"", ""RAA"", ""AP"", ""AA"", ""RAA"", ""AA"", ""RAA"", ""AA"", ""AA"", ""AP""]"
44,Odin,Lola,after,6.0,non-partner,18,Odin-Nougatti,male,12,3.7777777777777777,"[""AAA"", ""AP"", ""AAA"", ""AKKKTS"", ""APP"", ""AAA"", ""RA"", ""AA"", ""AAAA"", ""AAA"", ""AAAPPP"", ""APPAA"", ""APAAAA"", ""APAAPPA"", ""APAAA"", ""AP"", ""AP"", ""AAAA""]"
45,Odin,Lola,before,1.0,non-partner,13,Odin-Nougatti,male,7,4.3076923076923075,"[""AAPPPPK"", ""RA"", ""AA"", ""RA"", ""RAATKKK"", ""TKKAAATKKTKTKKT"", ""AA"", ""AAA"", ""AA"", ""RTKKTKK"", ""AA"", ""AA"", ""AAA""]"
46,Odin,Lola,before,3.0,non-partner,8,Odin-Nougatti,male,4,2.375,"[""AA"", ""AAP"", ""AAA"", ""AAA"", ""RA"", ""AA"", ""AA"", ""RA""]"
47,Odin,Lola,before,5.0,non-partner,7,Odin-Nougatti,male,3,2.2857142857142856,"[""RA"", ""AP"", ""RAP"", ""RA"", ""AP"", ""RA"", ""RAP""]"
48,Odin,Lola,before,6.0,non-partner,7,Odin-Nougatti,male,4,2.5714285714285716,"[""AA"", ""AA"", ""AA"", ""RA"", ""RAA"", ""AAAA"", ""RAA""]"
49,Odin,Nougatti,before,1.0,partner,11,Odin-Nougatti,male,9,3.5454545454545454,"[""RA"", ""APAAAK"", ""AAAP"", ""RA"", ""AAAAK"", ""AA"", ""AKA"", ""AAAPPA"", ""AA"", ""AAA"", ""AAPP""]"
50,Odin,Nougatti,before,2.0,partner,16,Odin-Nougatti,male,5,2.25,"[""AA"", ""AAA"", ""AA"", ""RA"", ""AA"", ""AA"", ""AA"", ""AAA"", ""AAP"", ""RA"", ""AA"", ""PAA"", ""AA"", ""RA"", ""AA"", ""RA""]"
51,Odin,Nougatti,before,3.0,partner,20,Odin-Nougatti,male,11,2.9,"[""AAAPA"", ""PA"", ""AAAA"", ""AAAAA"", ""SSRAA"", ""AA"", ""AA"", ""AA"", ""SRAA"", ""SSAA"", ""RA"", ""RA"", ""RAA"", ""AA"", ""RAA"", ""RAA"", ""RA"", ""RA"", ""AA"", ""AP""]"
52,Odin,Nougatti,before,4.0,partner,32,Odin-Nougatti,male,5,2.4375,"[""AAAA"", ""AAAA"", ""AA"", ""AA"", ""RA"", ""RA"", ""AA"", ""AA"", ""RA"", ""RA"", ""RA"", ""RA"", ""AA"", ""AA"", ""AAA"", ""AAA"", ""AA"", ""AA"", ""AA"", ""AA"", ""RA"", ""RA"", ""RA"", ""RA"", ""RA"", ""RA"", ""SSSAAP"", ""SSSAAP"", ""AA"", ""AA"", ""AA"", ""AA""]"
53,Odin,Nougatti,before,5.0,partner,10,Odin-Nougatti,male,5,2.3,"[""AAA"", ""AA"", ""AA"", ""AA"", ""AP"", ""RA"", ""RA"", ""AAA"", ""AP"", ""AAP""]"
54,Odin,Nougatti,before,6.0,partner,8,Odin-Nougatti,male,5,2.25,"[""APA"", ""AP"", ""RAP"", ""AA"", ""AP"", ""AA"", ""AP"", ""RA""]"
55,Odin,Olympia,after,1.0,non-partner,26,Odin-Nougatti,male,13,3.6538461538461537,"[""PAAAP"", ""APAAAP"", ""APAPAA"", ""AA"", ""APAA"", ""AP"", ""AA"", ""AAA"", ""APAAA"", ""AAA"", ""APAA"", ""AAA"", ""APA"", ""AAA"", ""AAA"", ""AA"", ""APAA"", ""AAA"", ""AAA"", ""APAAA"", ""APAAA"", ""APAAS"", ""AAK"", ""AAPPAAA"", ""RA"", ""AP""]"
56,Odin,Olympia,after,3.0,non-partner,26,Odin-Nougatti,male,17,4.5,"[""AK"", ""APPAAA"", ""AAAPP"", ""APAPAA"", ""PAPAAT"", ""AA"", ""AAA"", ""AA"", ""PAA"", ""AAA"", ""APPPA"", ""AAA"", ""APAAA"", ""APPPA"", ""APPAAAK"", ""APAA"", ""AA"", ""AAAA"", ""APPAAA"", ""APAA"", ""APAAAA"", ""APPAA"", ""AAAAA"", ""AAAA"", ""APPPAAAPPPPP"", ""AA""]"
57,Odin,Olympia,after,4.0,non-partner,16,Odin-Nougatti,male,7,3.75,"[""AAA"", ""AAAA"", ""APPAAAPA"", ""APAAA"", ""AAA"", ""AA"", ""AA"", ""AAA"", ""APAAA"", ""AAAA"", ""AA"", ""APPAAA"", ""AAAA"", ""AAA"", ""AA"", ""APPA""]"
58,Odin,Olympia,after,5.0,non-partner,20,Odin-Nougatti,male,13,4.65,"[""PAAAK"", ""APAPAA"", ""AAA"", ""AAA"", ""AAAAA"", ""APAAA"", ""APAA"", ""APAAA"", ""AAAA"", ""APPAAAPPPS"", ""PPAA"", ""APAAA"", ""APA"", ""RAA"", ""APAAA"", ""APPAAA"", ""APPPAA"", ""APAAA"", ""AAA"", ""AAA""]"
59,Odin,Olympia,before,1.0,non-partner,27,Odin-Nougatti,male,14,4.111111111111111,"[""AAAAAAA"", ""AP"", ""APAA"", ""AP"", ""AAA"", ""AAAAKK"", ""APAAAPK"", ""APAAA"", ""AA"", ""AAA"", ""AAA"", ""AAA"", ""APP"", ""AAA"", ""AA"", ""AP"", ""AAAA"", ""APAAPPK"", ""AAA"", ""AAAAAKKTKKK"", ""APAA"", ""APPAAAAKK"", ""AAAP"", ""AP"", ""AAAA"", ""AAAA"", ""AP""]"
60,Odin,Olympia,before,2.0,non-partner,21,Odin-Nougatti,male,9,3.380952380952381,"[""AA"", ""AP"", ""PA"", ""AAAAKK"", ""AAAAPP"", ""AAAAK"", ""AAAA"", ""AP"", ""AAA"", ""AAA"", ""AAAA"", ""AP"", ""APAAAA"", ""AAAA"", ""AAA"", ""AA"", ""AAAAK"", ""AP"", ""AAAA"", ""PA"", ""AA""]"
61,Odin,Olympia,before,3.0,non-partner,18,Odin-Nougatti,male,5,3.0,"[""AAA"", ""AAA"", ""RA"", ""RA"", ""AAP"", ""AAP"", ""AA"", ""AA"", ""AA"", ""AA"", ""RA"", ""RA"", ""AAA"", ""AAA"", ""APPPAAPA"", ""APPPAAPA"", ""AA"", ""AA""]"
62,Odin,Olympia,before,4.0,non-partner,13,Odin-Nougatti,male,12,6.0,"[""AAAPPPPPT"", ""SPAAAATT"", ""AAA"", ""AAAK"", ""APPAAAPA"", ""APPAPAA"", ""APPPAPAA"", ""AAAA"", ""APPAPAAAK"", ""APAAPPA"", ""APAAA"", ""AAA"", ""APP""]"
63,Olympia,Odin,after,1.0,non-partner,9,Wuschel-Olympia,female,2,2.111111111111111,"[""AAA"", ""AA"", ""AA"", ""AA"", ""AA"", ""AA"", ""AA"", ""AA"", ""AA""]"
64,Olympia,Odin,after,3.0,non-partner,7,Wuschel-Olympia,female,2,2.0,"[""AA"", ""AP"", ""AA"", ""AA"", ""AA"", ""AA"", ""AA""]"
65,Olympia,Odin,before,3.0,non-partner,10,Wuschel-Olympia,female,1,2.0,"[""AA"", ""AA"", ""AA"", ""AA"", ""AA"", ""AA"", ""AA"", ""AA"", ""AA"", ""AA""]"
66,Olympia,Tabor,before,4.0,non-partner,6,Wuschel-Olympia,female,3,2.3333333333333335,"[""AAP"", ""AAP"", ""AA"", ""AA"", ""RA"", ""RA""]"
67,Olympia,Tabor,before,6.0,non-partner,7,Wuschel-Olympia,female,2,2.4285714285714284,"[""AA"", ""AAA"", ""AA"", ""AAA"", ""AAA"", ""AA"", ""AA""]"
68,Olympia,Wuschel,after,2.0,partner,6,Wuschel-Olympia,female,2,2.0,"[""AA"", ""AA"", ""AA"", ""PA"", ""AA"", ""AA""]"
69,Olympia,Wuschel,before,3.0,partner,9,Wuschel-Olympia,female,4,2.5555555555555554,"[""AA"", ""AAP"", ""AA"", ""AAA"", ""APPAA"", ""AA"", ""AA"", ""AA"", ""AA""]"
70,Olympia,Wuschel,before,4.0,partner,5,Wuschel-Olympia,female,3,2.2,"[""RA"", ""AAP"", ""AA"", ""AA"", ""RA""]"
71,Olympia,Wuschel,before,5.0,partner,22,Wuschel-Olympia,female,3,2.090909090909091,"[""AA"", ""AA"", ""RA"", ""RA"", ""AA"", ""AA"", ""AA"", ""AA"", ""AA"", ""AA"", ""AA"", ""AA"", ""AA"", ""AA"", ""AA"", ""AA"", ""AAA"", ""AAA"", ""AA"", ""AA"", ""AA"", ""AA""]"
72,Olympia,Wuschel,before,6.0,partner,10,Wuschel-Olympia,female,2,2.0,"[""AA"", ""AA"", ""AA"", ""AA"", ""AA"", ""AA"", ""AP"", ""AP"", ""AA"", ""AA""]"
73,Tabor,Lola,after,3.0,partner,8,Tabor-Lola,male,6,4.625,"[""AAAA"", ""AAAAP"", ""SAA"", ""PAPPP"", ""PAPPP"", ""AAPPP"", ""AAPAPP"", ""AAAA""]"
74,Tabor,Lola,after,5.0,partner,9,Tabor-Lola,male,5,4.888888888888889,"[""AAAAP"", ""AAAAP"", ""AAAPP"", ""PAAPPP"", ""AAAAP"", ""AAAA"", ""AAAA"", ""PAAPP"", ""AAAAP""]"
75,Tabor,Lola,before,3.0,partner,16,Tabor-Lola,male,8,4.25,"[""AAAP"", ""AAAP"", ""AAP"", ""AAP"", ""APPAPP"", ""APPAPP"", ""PAAPP"", ""PAAPP"", ""RPP"", ""RPP"", ""APPAP"", ""APPAP"", ""PAPP"", ""PAPP"", ""APPA"", ""APPA""]"
76,Tabor,Lola,before,6.0,partner,7,Tabor-Lola,male,6,4.857142857142857,"[""AAAAP"", ""PAAAP"", ""PAAPP"", ""AA"", ""PAAPP"", ""APPAAP"", ""SPAAAP""]"
77,Tabor,Nougatti,after,2.0,non-partner,20,Tabor-Lola,male,15,5.15,"[""APAAAPP"", ""AAAPPP"", ""AAAPP"", ""APPAA"", ""AAAAP"", ""APAAPP"", ""AAA"", ""APAAPPP"", ""AAAAPP"", ""AAPPP"", ""APAAA"", ""AAAPPP"", ""AAAP"", ""AAAA"", ""APA"", ""AAAAP"", ""AAAA"", ""AAAAPP"", ""APPAAA"", ""AAAAP""]"
78,Tabor,Nougatti,after,3.0,non-partner,8,Tabor-Lola,male,8,4.0,"[""AA"", ""AAA"", ""AAP"", ""AAAP"", ""AAAPPP"", ""AAAA"", ""AAPP"", ""AAAAPP""]"
79,Tabor,Nougatti,after,4.0,non-partner,8,Tabor-Lola,male,5,4.875,"[""AAAPPP"", ""APPAAPS"", ""AAAPPP"", ""AAAP"", ""AAAP"", ""AAAAP"", ""AAAP"", ""AAA""]"
80,Tabor,Nougatti,after,5.0,non-partner,9,Tabor-Lola,male,7,5.111111111111111,"[""AAA"", ""AAAAP"", ""AAA"", ""APPAAP"", ""APAAPP"", ""AAAPPP"", ""APPPAAAP"", ""APAAPP"", ""AAP""]"
81,Tabor,Nougatti,after,6.0,non-partner,7,Tabor-Lola,male,7,5.285714285714286,"[""AAAAP"", ""AAA"", ""APAAA"", ""AAAPP"", ""APPAA"", ""APPAPAA"", ""APAAPPP""]"
82,Tabor,Nougatti,before,4.0,non-partner,5,Tabor-Lola,male,4,4.2,"[""AAA"", ""APAA"", ""AAAP"", ""APPAAP"", ""APAA""]"
83,Tabor,Nougatti,before,6.0,non-partner,18,Tabor-Lola,male,8,3.7777777777777777,"[""RP"", ""RP"", ""PAAPP"", ""PAAPP"", ""AP"", ""AP"", ""AAAAP"", ""AAAAP"", ""AAAP"", ""AAAP"", ""PAPAP"", ""PAPAP"", ""AAPAP"", ""AAPAP"", ""AAAA"", ""AAAA"", ""AP"", ""AP""]"
84,Tabor,Olympia,after,2.0,non-partner,11,Tabor-Lola,male,10,4.181818181818182,"[""TAPPAA"", ""AAAAP"", ""APAAP"", ""RA"", ""APA"", ""AAAAP"", ""APAA"", ""APAP"", ""APP"", ""AAP"", ""APAPPP""]"
85,Tabor,Olympia,after,3.0,non-partner,14,Tabor-Lola,male,10,6.214285714285714,"[""AAAPS"", ""TKAPAAPPPP"", ""AAAPPPP"", ""AAAAPS"", ""AAAPPP"", ""AAAPPPS"", ""AAAPPPS"", ""AAAPPP"", ""AAAPPP"", ""AAA"", ""AAPP"", ""AAPPP"", ""AAAPS"", ""TKAPAAAPPP""]"
86,Tabor,Olympia,after,4.0,non-partner,21,Tabor-Lola,male,10,4.095238095238095,"[""AAA"", ""AAAA"", ""AAAPPP"", ""AAA"", ""AAA"", ""AA"", ""AAA"", ""AAAAP"", ""AAA"", ""AAA"", ""AAAPP"", ""APAAPP"", ""AA"", ""AAA"", ""AA"", ""AAAP"", ""AAAAP"", ""AAAAPP"", ""AAAPPPS"", ""AAAAP"", ""AAAAPP""]"
87,Tabor,Olympia,after,5.0,non-partner,11,Tabor-Lola,male,5,3.4545454545454546,"[""AAA"", ""AAA"", ""AAA"", ""AAAA"", ""AAA"", ""AAA"", ""AAA"", ""AAAPPS"", ""AA"", ""AAA"", ""AAAPS""]"
88,Tabor,Olympia,after,6.0,non-partner,14,Tabor-Lola,male,10,4.428571428571429,"[""AAAAPPP"", ""AAAPP"", ""AAA"", ""AAAAA"", ""AAA"", ""AAAP"", ""AAA"", ""APAA"", ""AAPP"", ""AAAAPPPP"", ""AA"", ""AAA"", ""AAAAPPP"", ""AAAA""]"
89,Tabor,Olympia,before,4.0,non-partner,6,Tabor-Lola,male,3,3.6666666666666665,"[""AP"", ""AP"", ""PAAAP"", ""PAAAP"", ""AAAP"", ""AAAP""]"
90,Tabor,Olympia,before,5.0,non-partner,13,Tabor-Lola,male,7,4.769230769230769,"[""AAAP"", ""AAAPP"", ""AAAAP"", ""AAAAPPP"", ""AAAAPPP"", ""AAA"", ""AAAP"", ""AAAP"", ""AAAPPP"", ""AAAA"", ""AAAA"", ""AAAA"", ""AAAAP""]"
91,Wuschel,Lola,after,3.0,non-partner,15,Wuschel-Olympia,male,3,2.1333333333333333,"[""AAK"", ""AA"", ""AA"", ""AA"", ""AA"", ""AA"", ""AA"", ""AA"", ""AA"", ""AA"", ""AA"", ""AA"", ""AA"", ""AAA"", ""AA""]"
92,Wuschel,Lola,after,5.0,non-partner,12,Wuschel-Olympia,male,3,2.1666666666666665,"[""AA"", ""AAP"", ""AA"", ""AA"", ""AA"", ""AAS"", ""AA"", ""AA"", ""AA"", ""AA"", ""AA"", ""AA""]"
93,Wuschel,Lola,after,6.0,non-partner,9,Wuschel-Olympia,male,3,2.7777777777777777,"[""AA"", ""AA"", ""AA"", ""AA"", ""AAKKK"", ""AAKK"", ""AAKK"", ""AA"", ""AA""]"
94,Wuschel,Lola,before,2.0,non-partner,11,Wuschel-Olympia,male,6,3.6363636363636362,"[""AA"", ""AAA"", ""AA"", ""AAPS"", ""AAPPA"", ""AAPS"", ""AAPPS"", ""AA"", ""AA"", ""AAPPA"", ""AAAPPP""]"
95,Wuschel,Lola,before,3.0,non-partner,6,Wuschel-Olympia,male,3,3.6666666666666665,"[""AAAP"", ""AAAP"", ""AAP"", ""AAAP"", ""AAAP"", ""AAA""]"
96,Wuschel,Lola,before,4.0,non-partner,10,Wuschel-Olympia,male,5,4.0,"[""AAA"", ""AAA"", ""RAAP"", ""RAAP"", ""SPPAA"", ""SPPAA"", ""PPAA"", ""PPAA"", ""AAAP"", ""AAAP""]"
97,Wuschel,Nougatti,after,4.0,non-partner,10,Wuschel-Olympia,male,4,2.3,"[""PA"", ""AA"", ""AAPS"", ""AA"", ""AA"", ""AA"", ""AA"", ""AAA"", ""AA"", ""AA""]"
98,Wuschel,Nougatti,before,2.0,non-partner,10,Wuschel-Olympia,male,4,2.4,"[""AA"", ""RA"", ""AA"", ""AA"", ""AAAP"", ""AA"", ""RA"", ""AA"", ""AAPP"", ""AA""]"
99,Wuschel,Nougatti,before,4.0,non-partner,5,Wuschel-Olympia,male,3,2.6,"[""AA"", ""AA"", ""AAA"", ""AAA"", ""AAP""]"
100,Wuschel,Nougatti,before,5.0,non-partner,8,Wuschel-Olympia,male,6,4.125,"[""AAPPPP"", ""AAP"", ""AAAP"", ""AAAP"", ""AAAPP"", ""AP"", ""AAPPK"", ""AAAP""]"
101,Wuschel,Olympia,after,3.0,partner,5,Wuschel-Olympia,male,3,3.0,"[""AA"", ""AAAPS"", ""AA"", ""AAA"", ""AAA""]"
102,Wuschel,Olympia,after,4.0,partner,21,Wuschel-Olympia,male,8,3.380952380952381,"[""AA"", ""AA"", ""AA"", ""AAAPP"", ""AAPPS"", ""AAA"", ""AAAPP"", ""AAPS"", ""AAA"", ""AAA"", ""AAAAP"", ""AA"", ""AAAPPPP"", ""AAA"", ""AAA"", ""AAA"", ""AAP"", ""AAP"", ""AAP"", ""AA"", ""AAA""]"
103,Wuschel,Olympia,before,1.0,partner,19,Wuschel-Olympia,male,10,3.4210526315789473,"[""AA"", ""AA"", ""AA"", ""AAPAP"", ""AAPA"", ""AAKKK"", ""AA"", ""AA"", ""AAPAPPPKK"", ""AAPPP"", ""AAKK"", ""AAP"", ""AA"", ""AAP"", ""AAP"", ""AAK"", ""AAP"", ""AAK"", ""AAA""]"
104,Wuschel,Olympia,before,3.0,partner,11,Wuschel-Olympia,male,6,3.272727272727273,"[""AAK"", ""AA"", ""AAK"", ""AAPS"", ""AAPK"", ""AK"", ""AAAP"", ""AAAP"", ""AAAP"", ""AAAP"", ""AA""]"
105,Wuschel,Olympia,before,5.0,partner,18,Wuschel-Olympia,male,2,2.111111111111111,"[""AA"", ""AA"", ""AA"", ""AA"", ""AA"", ""AA"", ""AA"", ""AA"", ""AA"", ""AA"", ""AAP"", ""AAP"", ""AA"", ""AA"", ""AA"", ""AA"", ""AA"", ""AA""]"
106,Wuschel,Olympia,before,6.0,partner,18,Wuschel-Olympia,male,3,2.5555555555555554,"[""AAK"", ""AAK"", ""AAPPPK"", ""AAPPPK"", ""AA"", ""AA"", ""AA"", ""AA"", ""AA"", ""AA"", ""AA"", ""AA"", ""AA"", ""AA"", ""AA"", ""AA"", ""AA"", ""AA""]"
